ExposureType,MaterialType,Time,SampleNo,Silane,YI,L,a,b,Haze,WaterCA,DiiodoCA,SFEtot,SFEpolar,SFEdisp,edge,center,center.1,center.2,edge.1,edge.2,edge.3,DepNo
Cyclic,AZO,0,sa18809,No,5.87,,,,0.5,,,,,,10.401,10.02,9.889,10.179,10.179,9.898,10.188,
Cyclic,AZO,0,sa18810,No,5.3,,,,0.5,,,,,,9.263,9.123,9.137,9.137,9.404,9.282,9.146,
Cyclic,AZO,162,sa18810,No,5.39,,,,0.8,8.8,,84.8,36.1,48.7,9.452,9.335,9.553,9.338,9.648,9.713,9.457,
Cyclic,AZO,162,sa18810,No,,,,,,8.7,,84.8,36.1,48.7,,,,,,,,
Cyclic,AZO,162,sa18810,No,,,,,,7.5,,84.8,36.1,48.7,,,,,,,,
Cyclic,AZO,0,sa18811,No,5.23,,,,0.5,,,,,,10.342,10.22,10.265,10.224,10.333,10.415,10.297,
Cyclic,AZO,162,sa18811,No,5.22,,,,0.8,,11.5,84.8,36.1,48.7,10.759,10.777,10.768,10.922,10.895,11.04,10.904,
Cyclic,AZO,162,sa18811,No,,,,,,,21.8,84.8,36.1,48.7,,,,,,,,
Cyclic,AZO,162,sa18811,No,,,,,,,18.7,84.8,36.1,48.7,,,,,,,,
Cyclic,AZO,162,sa18811,No,,,,,,,13.4,84.8,36.1,48.7,,,,,,,,
Cyclic,AZO,162,sa18811,No,,,,,,,12.6,84.8,36.1,48.7,,,,,,,,
Cyclic,AZO,162,sa18811,No,,,,,,,14.4,84.8,36.1,48.7,,,,,,,,
Cyclic,AZO,162,sa18811,No,,,,,,,13.1,84.8,36.1,48.7,,,,,,,,
Cyclic,AZO,162,sa18811,No,,,,,,,24.1,84.8,36.1,48.7,,,,,,,,
Cyclic,AZO,0,sa18812,No,5.07,,,,0.5,,,,,,9.608,9.49,9.612,9.476,9.794,9.757,9.635,
Cyclic,AZO,331,sa18812,No,5.67,,,,1.3,9.3,,84,35.7,48.3,9.88,10.197,10.328,10.206,10.696,10.573,10.256,
Cyclic,AZO,331,sa18812,No,,,,,,10.4,,84,35.7,48.3,,,,,,,,
Cyclic,AZO,331,sa18812,No,,,,,,17,,84,35.7,48.3,,,,,,,,
Cyclic,AZO,331,sa18812,No,,,,,,10.5,,84,35.7,48.3,,,,,,,,
Cyclic,AZO,331,sa18812,No,,,,,,12.9,,84,35.7,48.3,,,,,,,,
Cyclic,AZO,0,sa18813,No,6.14,,,,0.8,,,,,,9.377,9.096,9.069,9.123,9.25,9.195,9.214,
Cyclic,AZO,331,sa18813,No,6.64,,,,3.4,9.5,,84,35.7,48.3,9.717,9.726,9.857,9.898,9.871,10.029,10.247,
Cyclic,AZO,331,sa18813,No,,,,,,9.2,,84,35.7,48.3,,,,,,,,
Cyclic,AZO,331,sa18813,No,,,,,,12.1,,84,35.7,48.3,,,,,,,,
Cyclic,AZO,331,sa18813,No,,,,,,,25,84,35.7,48.3,,,,,,,,
Cyclic,AZO,331,sa18813,No,,,,,,,18.1,84,35.7,48.3,,,,,,,,
Cyclic,AZO,331,sa18813,No,,,,,,,17.3,84,35.7,48.3,,,,,,,,
Cyclic,AZO,0,sa18814,No,5.18,,,,0.7,,,,,,8.217,8.103,8.126,8.081,8.139,8.294,8.303,
Cyclic,AZO,331,sa18814,No,5.94,,,,1.4,,15.2,84,35.7,48.3,9.114,8.824,8.856,8.973,9.096,9.046,9.05,
Cyclic,AZO,331,sa18814,No,,,,,,,10.9,84,35.7,48.3,,,,,,,,
Cyclic,AZO,331,sa18814,No,,,,,,,11.6,84,35.7,48.3,,,,,,,,
Cyclic,AZO,331,sa18814,No,,,,,,,16.8,84,35.7,48.3,,,,,,,,
Cyclic,AZO,331,sa18814,No,,,,,,,26.2,84,35.7,48.3,,,,,,,,
Cyclic,AZO,0,sa18815,No,4.95,,,,0.5,,,,,,10.306,9.921,9.807,10.029,10.007,9.821,10.075,
Cyclic,AZO,499,sa18815,No,5.83,,,,0.8,10.3,,83.6,36.6,47,11.838,11.511,11.57,11.897,11.625,11.185,11.044,
Cyclic,AZO,499,sa18815,No,,,,,,8,,83.6,36.6,47,,,,,,,,
Cyclic,AZO,499,sa18815,No,,,,,,7.4,,83.6,36.6,47,,,,,,,,
Cyclic,AZO,499,sa18815,No,,,,,,11.4,,83.6,36.6,47,,,,,,,,
Cyclic,AZO,499,sa18815,No,,,,,,11.5,,83.6,36.6,47,,,,,,,,
Cyclic,AZO,0,sa18816,No,5.25,,,,0.7,,,,,,11.52,10.428,10.043,10.818,10.532,9.966,10.587,
Cyclic,AZO,499,sa18816,No,6.77,,,,1.3,5.5,,83.6,36.6,47,12.703,11.992,11.829,12.214,11.72,11.878,13.134,
Cyclic,AZO,499,sa18816,No,,,,,,4.4,,83.6,36.6,47,,,,,,,,
Cyclic,AZO,499,sa18816,No,,,,,,9,,83.6,36.6,47,,,,,,,,
Cyclic,AZO,499,sa18816,No,,,,,,,18.5,83.6,36.6,47,,,,,,,,
Cyclic,AZO,499,sa18816,No,,,,,,,22.5,83.6,36.6,47,,,,,,,,
Cyclic,AZO,499,sa18816,No,,,,,,,26.8,83.6,36.6,47,,,,,,,,
Cyclic,AZO,0,sa18817,No,6.27,,,,0.8,,,,,,9.286,9.118,9.15,9.137,9.082,9.277,9.422,
Cyclic,AZO,499,sa18817,No,7.21,,,,1,,20.6,83.6,36.6,47,9.708,10.451,10.487,10.632,10.736,10.727,10.854,
Cyclic,AZO,499,sa18817,No,,,,,,,22.1,83.6,36.6,47,,,,,,,,
Cyclic,AZO,499,sa18817,No,,,,,,,27.4,83.6,36.6,47,,,,,,,,
Cyclic,AZO,499,sa18817,No,,,,,,,11.7,83.6,36.6,47,,,,,,,,
Cyclic,AZO,499,sa18817,No,,,,,,,27.3,83.6,36.6,47,,,,,,,,
Cyclic,AZO,0,sa18818,No,5.28,,,,0.6,,,,,,10.501,10.319,10.319,10.342,10.238,10.433,10.569,
Cyclic,AZO,665,sa18818,No,6.51,,,,1,9.1,,83.8,36.3,47.5,12.241,12.318,12.282,12.468,12.93,12.368,12.649,
Cyclic,AZO,665,sa18818,No,,,,,,8.3,,83.8,36.3,47.5,,,,,,,,
Cyclic,AZO,665,sa18818,No,,,,,,10.9,,83.8,36.3,47.5,,,,,,,,
Cyclic,AZO,665,sa18818,No,,,,,,10.4,,83.8,36.3,47.5,,,,,,,,
Cyclic,AZO,665,sa18818,No,,,,,,10.6,,83.8,36.3,47.5,,,,,,,,
Cyclic,AZO,0,sa18819,No,5.11,,,,0.6,,,,,,8.108,7.999,7.999,8.017,8.103,8.144,8.126,
Cyclic,AZO,665,sa18819,No,6.82,,,,1.2,9.5,,83.8,36.3,47.5,8.955,9.331,9.304,9.558,9.576,9.282,9.327,
Cyclic,AZO,665,sa18819,No,,,,,,7.5,,83.8,36.3,47.5,,,,,,,,
Cyclic,AZO,665,sa18819,No,,,,,,11.1,,83.8,36.3,47.5,,,,,,,,
Cyclic,AZO,665,sa18819,No,,,,,,,25.9,83.8,36.3,47.5,,,,,,,,
Cyclic,AZO,665,sa18819,No,,,,,,,13.1,83.8,36.3,47.5,,,,,,,,
Cyclic,AZO,665,sa18819,No,,,,,,,27.6,83.8,36.3,47.5,,,,,,,,
Cyclic,AZO,0,sa18820,No,4.98,,,,0.7,,,,,,9.164,9.041,9.069,9.087,9.146,9.245,9.227,
Cyclic,AZO,665,sa18820,No,6.41,,,,0.9,,14.9,83.8,36.3,47.5,9.879,10.649,10.607,10.824,11.283,10.801,10.729,
Cyclic,AZO,665,sa18820,No,,,,,,,13.6,83.8,36.3,47.5,,,,,,,,
Cyclic,AZO,665,sa18820,No,,,,,,,25.1,83.8,36.3,47.5,,,,,,,,
Cyclic,AZO,665,sa18820,No,,,,,,,18.2,83.8,36.3,47.5,,,,,,,,
Cyclic,AZO,665,sa18820,No,,,,,,,23.9,83.8,36.3,47.5,,,,,,,,
Cyclic,AZO,0,sa18821,No,5.28,,,,0.8,,,,,,9.322,9.241,9.232,9.232,9.322,9.336,9.413,
Cyclic,AZO,837,sa18821,No,6.55,,,,2.5,8.7,,84,35.9,48,10.08,10.951,11.146,10.769,11.898,11.341,10.862,
Cyclic,AZO,837,sa18821,No,,,,,,10.5,,84,35.9,48,,,,,,,,
Cyclic,AZO,837,sa18821,No,,,,,,12,,84,35.9,48,,,,,,,,
Cyclic,AZO,837,sa18821,No,,,,,,12.3,,84,35.9,48,,,,,,,,
Cyclic,AZO,837,sa18821,No,,,,,,14.5,,84,35.9,48,,,,,,,,
Cyclic,AZO,0,sa18822,No,5.13,,,,0.7,,,,,,9.164,8.96,8.982,8.991,9.073,9.168,9.137,
Cyclic,AZO,837,sa18822,No,6.67,,,,2.7,9.3,,84,35.9,48,10.911,12.117,11.914,12.566,12.433,11.312,11.804,
Cyclic,AZO,837,sa18822,No,,,,,,8.5,,84,35.9,48,,,,,,,,
Cyclic,AZO,837,sa18822,No,,,,,,9.1,,84,35.9,48,,,,,,,,
Cyclic,AZO,837,sa18822,No,,,,,,,12.2,84,35.9,48,,,,,,,,
Cyclic,AZO,837,sa18822,No,,,,,,,6.5,84,35.9,48,,,,,,,,
Cyclic,AZO,837,sa18822,No,,,,,,,39.7,84,35.9,48,,,,,,,,
Cyclic,AZO,0,sa18823,No,5.26,,,,0.9,,,,,,10.297,9.966,9.844,10.07,10.115,9.853,10.165,
Cyclic,AZO,837,sa18823,No,6.8,,,,4.5,,19,84,35.9,48,11.114,13.106,13.018,13.064,13.923,12.981,13.223,
Cyclic,AZO,837,sa18823,No,,,,,,,11.4,84,35.9,48,,,,,,,,
Cyclic,AZO,837,sa18823,No,,,,,,,13.8,84,35.9,48,,,,,,,,
Cyclic,AZO,837,sa18823,No,,,,,,,19.1,84,35.9,48,,,,,,,,
Cyclic,AZO,837,sa18823,No,,,,,,,14.3,84,35.9,48,,,,,,,,
Cyclic,AZO,0,sa18824,No,5.21,,,,0.6,,,82.4,37.2,45.2,9.105,8.978,9.019,8.982,9.1,9.15,9.114,
Cyclic,AZO,1004,sa18824,No,6.59,,,,4.5,8.4,,85.6,35.6,50,11.334,11.144,10.919,11.631,11.596,11.181,11.277,
Cyclic,AZO,1004,sa18824,No,,,,,,7.5,,85.6,35.6,50,,,,,,,,
Cyclic,AZO,1004,sa18824,No,,,,,,10.8,,85.6,35.6,50,,,,,,,,
Cyclic,AZO,1004,sa18824,No,,,,,,12,,85.6,35.6,50,,,,,,,,
Cyclic,AZO,1004,sa18824,No,,,,,,13.1,,85.6,35.6,50,,,,,,,,
Cyclic,AZO,0,sa18825,No,5.25,,,,0.8,,,82.4,37.2,45.2,9.291,9.132,9.159,9.164,9.322,9.3,9.277,
Cyclic,AZO,1004,sa18825,No,6.83,,,,3,6.9,,85.6,35.6,50,11.275,12.293,12.153,13.04,12.942,12.029,12.81,
Cyclic,AZO,1004,sa18825,No,,,,,,5.9,,85.6,35.6,50,,,,,,,,
Cyclic,AZO,1004,sa18825,No,,,,,,7.6,,85.6,35.6,50,,,,,,,,
Cyclic,AZO,1004,sa18825,No,,,,,,,11.5,85.6,35.6,50,,,,,,,,
Cyclic,AZO,1004,sa18825,No,,,,,,,8.6,85.6,35.6,50,,,,,,,,
Cyclic,AZO,1004,sa18825,No,,,,,,,7.7,85.6,35.6,50,,,,,,,,
Cyclic,AZO,0,sa18826,No,5.22,,,,0.8,,,82.4,37.2,45.2,10.789,10.366,10.277,10.532,10.604,10.318,10.518,
Cyclic,AZO,1004,sa18826,No,7,,,,4.8,,12.5,85.6,35.6,50,11.275,12.293,12.153,13.04,12.942,12.029,12.81,
Cyclic,AZO,1004,sa18826,No,,,,,,,7.3,85.6,35.6,50,,,,,,,,
Cyclic,AZO,1004,sa18826,No,,,,,,,8.7,85.6,35.6,50,,,,,,,,
Cyclic,AZO,1004,sa18826,No,,,,,,,12.7,85.6,35.6,50,,,,,,,,
Cyclic,AZO,1004,sa18826,No,,,,,,8.5,,85.6,35.6,50,,,,,,,,
Cyclic,AZO,1004,sa18826,No,,,,,,12.4,,85.6,35.6,50,,,,,,,,
HotQUV,ITO,0,sa18827,No,5.87,94.67,-0.08,3.12,0.1,3.8,,78.8,41,37.9,62,50,48,49,63,52,50,
HotQUV,ITO,0,sa18827,No,,,,,,4.8,,78.8,41,37.9,,,,,,,,
HotQUV,ITO,0,sa18827,No,,,,,,3.9,,78.8,41,37.9,,,,,,,,
HotQUV,ITO,0,sa18827,No,,,,,,4.5,,78.8,41,37.9,,,,,,,,
HotQUV,ITO,0,sa18827,No,,,,,,4.7,,78.8,41,37.9,,,,,,,,
HotQUV,ITO,163.75,sa18827,No,6.11,94.54,-0.05,3.23,0,4.6,,76.2,42.9,33.4,60,51,48,50,59,48,50,
HotQUV,ITO,163.75,sa18827,No,,,,,,4.2,,76.2,42.9,33.4,,,,,,,,
HotQUV,ITO,163.75,sa18827,No,,,,,,4.7,,76.2,42.9,33.4,,,,,,,,
HotQUV,ITO,163.75,sa18827,No,,,,,,3.9,,76.2,42.9,33.4,,,,,,,,
HotQUV,ITO,163.75,sa18827,No,,,,,,4,,76.2,42.9,33.4,,,,,,,,
DampHeat,ITO,0,sa18827,No,5.87,94.67,-0.08,3.12,0.1,3.8,,78.8,41,37.9,62,50,48,49,63,52,50,
DampHeat,ITO,0,sa18827,No,,,,,,4.8,,78.8,41,37.9,,,,,,,,
DampHeat,ITO,0,sa18827,No,,,,,,3.9,,78.8,41,37.9,,,,,,,,
DampHeat,ITO,0,sa18827,No,,,,,,4.5,,78.8,41,37.9,,,,,,,,
DampHeat,ITO,0,sa18827,No,,,,,,4.7,,78.8,41,37.9,,,,,,,,
HotQUV,ITO,0,sa18828,No,5.96,94.64,-0.07,3.16,0.1,4.2,,78.8,41,37.9,58,50,48,49,56,50,53,
HotQUV,ITO,0,sa18828,No,,,,,,4.4,,78.8,41,37.9,,,,,,,,
HotQUV,ITO,0,sa18828,No,,,,,,5.4,,78.8,41,37.9,,,,,,,,
HotQUV,ITO,0,sa18828,No,,,,,,5,,78.8,41,37.9,,,,,,,,
HotQUV,ITO,0,sa18828,No,,,,,,3.9,,78.8,41,37.9,,,,,,,,
HotQUV,ITO,163.75,sa18828,No,6.01,94.59,-0.05,3.18,0,,43,76.2,42.9,33.4,65,51,48,49,56,49,51,
HotQUV,ITO,163.75,sa18828,No,,,,,,,39.9,76.2,42.9,33.4,,,,,,,,
HotQUV,ITO,163.75,sa18828,No,,,,,,,40.3,76.2,42.9,33.4,,,,,,,,
HotQUV,ITO,163.75,sa18828,No,,,,,,,40.6,76.2,42.9,33.4,,,,,,,,
HotQUV,ITO,163.75,sa18828,No,,,,,,,37.9,76.2,42.9,33.4,,,,,,,,
DampHeat,ITO,0,sa18828,No,5.96,94.64,-0.07,3.16,0.1,4.2,,78.8,41,37.9,58,50,48,49,56,50,53,
DampHeat,ITO,0,sa18828,No,,,,,,4.4,,78.8,41,37.9,,,,,,,,
DampHeat,ITO,0,sa18828,No,,,,,,5.4,,78.8,41,37.9,,,,,,,,
DampHeat,ITO,0,sa18828,No,,,,,,5,,78.8,41,37.9,,,,,,,,
DampHeat,ITO,0,sa18828,No,,,,,,3.9,,78.8,41,37.9,,,,,,,,
HotQUV,ITO,0,sa18829,No,5.94,94.69,-0.08,3.16,0,,28.9,78.8,41,37.9,59,51,49,50,56,51,51,
HotQUV,ITO,0,sa18829,No,,,,,,,29.8,78.8,41,37.9,,,,,,,,
HotQUV,ITO,0,sa18829,No,,,,,,,27.8,78.8,41,37.9,,,,,,,,
HotQUV,ITO,0,sa18829,No,,,,,,,27.9,78.8,41,37.9,,,,,,,,
HotQUV,ITO,0,sa18829,No,,,,,,,27.9,78.8,41,37.9,,,,,,,,
HotQUV,ITO,326.5666667,sa18829,No,6.15,94.53,-0.07,3.26,0.2,3.2,,76.3,43,33.3,66,51,49,52,61,50,53,
HotQUV,ITO,326.5666667,sa18829,No,,,,,,3.5,,76.3,43,33.3,,,,,,,,
HotQUV,ITO,326.5666667,sa18829,No,,,,,,3.2,,76.3,43,33.3,,,,,,,,
HotQUV,ITO,326.5666667,sa18829,No,,,,,,3.4,,76.3,43,33.3,,,,,,,,
HotQUV,ITO,326.5666667,sa18829,No,,,,,,3.4,,76.3,43,33.3,,,,,,,,
DampHeat,ITO,0,sa18829,No,5.94,94.69,-0.08,3.16,0,,28.9,78.8,41,37.9,59,51,49,50,56,51,51,
DampHeat,ITO,0,sa18829,No,,,,,,,29.8,78.8,41,37.9,,,,,,,,
DampHeat,ITO,0,sa18829,No,,,,,,,27.8,78.8,41,37.9,,,,,,,,
DampHeat,ITO,0,sa18829,No,,,,,,,27.9,78.8,41,37.9,,,,,,,,
DampHeat,ITO,0,sa18829,No,,,,,,,27.9,78.8,41,37.9,,,,,,,,
HotQUV,ITO,0,sa18830,No,5.87,94.68,-0.08,3.12,0.1,,28.6,78.8,41,37.9,61,49,48,49,60,50,51,
HotQUV,ITO,0,sa18830,No,,,,,,,28.2,78.8,41,37.9,,,,,,,,
HotQUV,ITO,0,sa18830,No,,,,,,,28.7,78.8,41,37.9,,,,,,,,
HotQUV,ITO,0,sa18830,No,,,,,,,27.3,78.8,41,37.9,,,,,,,,
HotQUV,ITO,0,sa18830,No,,,,,,,29.3,78.8,41,37.9,,,,,,,,
HotQUV,ITO,326.5666667,sa18830,No,6.09,94.5,-0.03,3.21,0,,40,76.3,43,33.3,61,50,48,50,57,48,50,
HotQUV,ITO,326.5666667,sa18830,No,,,,,,,39.5,76.3,43,33.3,,,,,,,,
HotQUV,ITO,326.5666667,sa18830,No,,,,,,,41.6,76.3,43,33.3,,,,,,,,
HotQUV,ITO,326.5666667,sa18830,No,,,,,,,42.4,76.3,43,33.3,,,,,,,,
HotQUV,ITO,326.5666667,sa18830,No,,,,,,,38.8,76.3,43,33.3,,,,,,,,
DampHeat,ITO,0,sa18830,No,5.87,94.68,-0.08,3.12,0.1,,28.6,78.8,41,37.9,61,49,48,49,60,50,51,
DampHeat,ITO,0,sa18830,No,,,,,,,28.2,78.8,41,37.9,,,,,,,,
DampHeat,ITO,0,sa18830,No,,,,,,,28.7,78.8,41,37.9,,,,,,,,
DampHeat,ITO,0,sa18830,No,,,,,,,27.3,78.8,41,37.9,,,,,,,,
DampHeat,ITO,0,sa18830,No,,,,,,,29.3,78.8,41,37.9,,,,,,,,
HotQUV,ITO,0,sa18831,No,6.12,94.6,-0.07,3.25,0,,,,,,62,50,48,49,57,51,51,
HotQUV,ITO,485,sa18831,No,6.27,94.48,-0.03,3.3,0.1,2.8,,75.2,43.4,31.8,65,52,50,51,64,50,55,
HotQUV,ITO,485,sa18831,No,,,,,,3.5,,75.2,43.4,31.8,,,,,,,,
HotQUV,ITO,485,sa18831,No,,,,,,3.5,,75.2,43.4,31.8,,,,,,,,
HotQUV,ITO,485,sa18831,No,,,,,,3.8,,75.2,43.4,31.8,,,,,,,,
HotQUV,ITO,485,sa18831,No,,,,,,2.4,,75.2,43.4,31.8,,,,,,,,
DampHeat,ITO,0,sa18831,No,6.12,94.6,-0.07,3.25,0,,,,,,62,50,48,49,57,51,51,
HotQUV,ITO,0,sa18832,No,6.07,94.65,-0.07,3.22,0.1,,,,,,61,52,50,51,61,53,52,
HotQUV,ITO,485,sa18832,No,6.23,94.53,-0.03,3.29,0.3,,44.9,75.2,43.4,31.8,66,53,51,54,65,53,56,
HotQUV,ITO,485,sa18832,No,,,,,,,43.4,75.2,43.4,31.8,,,,,,,,
HotQUV,ITO,485,sa18832,No,,,,,,,45.5,75.2,43.4,31.8,,,,,,,,
HotQUV,ITO,485,sa18832,No,,,,,,,42.7,75.2,43.4,31.8,,,,,,,,
HotQUV,ITO,485,sa18832,No,,,,,,,43.5,75.2,43.4,31.8,,,,,,,,
DampHeat,ITO,0,sa18832,No,6.07,94.65,-0.07,3.22,0.1,,,,,,61,52,50,51,61,53,52,
HotQUV,ITO,0,sa18833,No,5.83,94.7,-0.09,3.1,0.1,,,,,,58,49,47,48,61,49,49,
HotQUV,ITO,485,sa18833,No,,,,,,,,,,,,,,,,,,
DampHeat,ITO,0,sa18833,No,5.83,94.7,-0.09,3.1,0.1,,,,,,58,49,47,48,61,49,49,
HotQUV,ITO,0,sa18834,No,6.01,94.69,-0.08,3.2,0.1,,,,,,63,49,47,48,59,48,49,
HotQUV,ITO,485,sa18834,No,,,,,,,,,,,,,,,,,,
DampHeat,ITO,0,sa18834,No,6.01,94.69,-0.08,3.2,0.1,,,,,,63,49,47,48,59,48,49,
HotQUV,ITO,0,sa18835,No,5.86,94.68,-0.07,3.11,0.1,,,,,,62,49,47,49,57,51,50,
HotQUV,ITO,818.4166667,sa18835,No,6.02,94.56,-0.04,3.18,0.2,4.4,,75.6,42.8,32.9,57,49,47,49,64,49,51,
HotQUV,ITO,818.4,sa18835,No,,,,,,3.2,,75.6,42.8,32.9,,,,,,,,
HotQUV,ITO,818.4,sa18835,No,,,,,,2.9,,75.6,42.8,32.9,,,,,,,,
HotQUV,ITO,818.4,sa18835,No,,,,,,3.3,,75.6,42.8,32.9,,,,,,,,
HotQUV,ITO,818.4,sa18835,No,,,,,,3,,75.6,42.8,32.9,,,,,,,,
DampHeat,ITO,0,sa18835,No,5.86,94.68,-0.07,3.11,0.1,,,,,,62,49,47,49,57,51,50,
HotQUV,ITO,0,sa18836,No,5.97,94.64,-0.07,3.17,0.1,,,,,,62,50,47,49,59,49,50,
HotQUV,ITO,818.4,sa18836,No,6.17,94.49,-0.03,3.26,0.4,,41.1,75.6,42.8,32.9,61,49,47,49,60,50,51,
HotQUV,ITO,818.4,sa18836,No,,,,,,,42,75.6,42.8,32.9,,,,,,,,
HotQUV,ITO,818.4,sa18836,No,,,,,,,41.3,75.6,42.8,32.9,,,,,,,,
HotQUV,ITO,818.4,sa18836,No,,,,,,,41.9,75.6,42.8,32.9,,,,,,,,
HotQUV,ITO,818.4,sa18836,No,,,,,,,41,75.6,42.8,32.9,,,,,,,,
DampHeat,ITO,0,sa18836,No,5.97,94.64,-0.07,3.17,0.1,,,,,,62,50,47,49,59,49,50,
HotQUV,ITO,0,sa18837,No,5.86,94.68,-0.1,3.12,0,,,,,,59,49,47,49,59,49,50,
DampHeat,ITO,0,sa18837,No,5.86,94.68,-0.1,3.12,0,,,,,,59,49,47,49,59,49,50,
HotQUV,ITO,0,sa18838,No,5.9,94.67,-0.08,3.14,0.1,,,,,,59,49,47,49,62,50,50,
DampHeat,ITO,0,sa18838,No,5.9,94.67,-0.08,3.14,0.1,,,,,,59,49,47,49,62,50,50,
HotQUV,FTO,0,sa18839,No,3.52,92.36,-0.28,1.92,15.7,2.5,,82.2,39.4,42.8,8.076,8.004,7.981,8.004,8.158,8.108,8.008,
HotQUV,FTO,0,sa18839,No,,,,,,1.8,,82.2,39.4,42.8,,,,,,,,
HotQUV,FTO,0,sa18839,No,,,,,,1.9,,82.2,39.4,42.8,,,,,,,,
HotQUV,FTO,0,sa18839,No,,,,,,3.3,,82.2,39.4,42.8,,,,,,,,
HotQUV,FTO,0,sa18839,No,,,,,,2.3,,82.2,39.4,42.8,,,,,,,,
HotQUV,FTO,163.8,sa18839,No,4.49,92.05,-0.36,2.45,6.6,4.7,,80.1,39.8,40.3,8.04,7.972,7.936,7.963,8.099,8.094,8.053,
HotQUV,FTO,163.8,sa18839,No,,,,,,6.3,,80.1,39.8,40.3,,,,,,,,
HotQUV,FTO,163.8,sa18839,No,,,,,,8,,80.1,39.8,40.3,,,,,,,,
HotQUV,FTO,163.8,sa18839,No,,,,,,8.8,,80.1,39.8,40.3,,,,,,,,
HotQUV,FTO,163.8,sa18839,No,,,,,,7.8,,80.1,39.8,40.3,,,,,,,,
DampHeat,FTO,0,sa18839,No,3.52,92.36,-0.28,1.92,15.7,2.5,,82.2,39.4,42.8,8.076,8.004,7.981,8.004,8.158,8.108,8.008,
DampHeat,FTO,0,sa18839,No,,,,,,1.8,,82.2,39.4,42.8,,,,,,,,
DampHeat,FTO,0,sa18839,No,,,,,,1.9,,82.2,39.4,42.8,,,,,,,,
DampHeat,FTO,0,sa18839,No,,,,,,3.3,,82.2,39.4,42.8,,,,,,,,
DampHeat,FTO,0,sa18839,No,,,,,,2.3,,82.2,39.4,42.8,,,,,,,,
HotQUV,FTO,0,sa18840,No,3.42,92.48,-0.29,1.87,15.4,2.4,,82.2,39.4,42.8,8.09,7.999,7.981,8.017,8.117,8.099,8.085,
HotQUV,FTO,0,sa18840,No,,,,,,2.1,,82.2,39.4,42.8,,,,,,,,
HotQUV,FTO,0,sa18840,No,,,,,,1.8,,82.2,39.4,42.8,,,,,,,,
HotQUV,FTO,163.8,sa18840,No,4.11,92.31,-0.37,2.26,7.5,,19.2,80.1,39.8,40.3,8.049,7.958,7.958,8.004,8.194,8.044,8.062,
HotQUV,FTO,163.8,sa18840,No,,,,,,,20.5,80.1,39.8,40.3,,,,,,,,
HotQUV,FTO,163.8,sa18840,No,,,,,,,19.8,80.1,39.8,40.3,,,,,,,,
HotQUV,FTO,163.8,sa18840,No,,,,,,,18.6,80.1,39.8,40.3,,,,,,,,
HotQUV,FTO,163.8,sa18840,No,,,,,,,22.9,80.1,39.8,40.3,,,,,,,,
DampHeat,FTO,0,sa18840,No,3.42,92.48,-0.29,1.87,15.4,2.4,,82.2,39.4,42.8,8.09,7.999,7.981,8.017,8.117,8.099,8.085,
DampHeat,FTO,0,sa18840,No,,,,,,2.1,,82.2,39.4,42.8,,,,,,,,
DampHeat,FTO,0,sa18840,No,,,,,,1.8,,82.2,39.4,42.8,,,,,,,,
HotQUV,FTO,0,sa18841,No,3.49,92.49,-0.29,1.91,15.6,,5,82.2,39.4,42.8,8.117,8.013,7.994,8.022,8.198,8.076,8.071,
HotQUV,FTO,0,sa18841,No,,,,,,,5.9,82.2,39.4,42.8,,,,,,,,
HotQUV,FTO,0,sa18841,No,,,,,,,5,82.2,39.4,42.8,,,,,,,,
HotQUV,FTO,0,sa18841,No,,,,,,,7.3,82.2,39.4,42.8,,,,,,,,
HotQUV,FTO,0,sa18841,No,,,,,,,7.6,82.2,39.4,42.8,,,,,,,,
HotQUV,FTO,326.6,sa18841,No,4.39,92.03,-0.34,2.39,8.1,4,,80.7,39.8,40.9,8.044,7.976,7.981,7.985,8.117,8.099,8.108,
HotQUV,FTO,326.6,sa18841,No,,,,,,5,,80.7,39.8,40.9,,,,,,,,
HotQUV,FTO,326.6,sa18841,No,,,,,,5.2,,80.7,39.8,40.9,,,,,,,,
HotQUV,FTO,326.6,sa18841,No,,,,,,5.4,,80.7,39.8,40.9,,,,,,,,
HotQUV,FTO,326.6,sa18841,No,,,,,,6.5,,80.7,39.8,40.9,,,,,,,,
DampHeat,FTO,0,sa18841,No,3.49,92.49,-0.29,1.91,15.6,,5,82.2,39.4,42.8,8.117,8.013,7.994,8.022,8.198,8.076,8.071,
DampHeat,FTO,0,sa18841,No,,,,,,,5.9,82.2,39.4,42.8,,,,,,,,
DampHeat,FTO,0,sa18841,No,,,,,,,5,82.2,39.4,42.8,,,,,,,,
DampHeat,FTO,0,sa18841,No,,,,,,,7.3,82.2,39.4,42.8,,,,,,,,
DampHeat,FTO,0,sa18841,No,,,,,,,7.6,82.2,39.4,42.8,,,,,,,,
HotQUV,FTO,0,sa18842,No,3.29,92.36,-0.24,1.79,16.3,,5.2,82.2,39.4,42.8,7.741,7.713,7.677,7.668,7.795,7.718,7.75,
HotQUV,FTO,0,sa18842,No,,,,,,,4.5,82.2,39.4,42.8,,,,,,,,
HotQUV,FTO,0,sa18842,No,,,,,,,6.2,82.2,39.4,42.8,,,,,,,,
HotQUV,FTO,0,sa18842,No,,,,,,,4.3,82.2,39.4,42.8,,,,,,,,
HotQUV,FTO,0,sa18842,No,,,,,,,6.3,82.2,39.4,42.8,,,,,,,,
HotQUV,FTO,326.6,sa18842,No,4.28,91.98,-0.3,2.31,6.3,,21.9,80.7,39.8,40.9,7.736,7.7,7.655,7.65,7.768,7.709,7.759,
HotQUV,FTO,326.6,sa18842,No,,,,,,,15.6,80.7,39.8,40.9,,,,,,,,
HotQUV,FTO,326.6,sa18842,No,,,,,,,18.8,80.7,39.8,40.9,,,,,,,,
HotQUV,FTO,326.6,sa18842,No,,,,,,,17,80.7,39.8,40.9,,,,,,,,
HotQUV,FTO,326.6,sa18842,No,,,,,,,17.1,80.7,39.8,40.9,,,,,,,,
DampHeat,FTO,0,sa18842,No,3.29,92.36,-0.24,1.79,16.3,,5.2,82.2,39.4,42.8,7.741,7.713,7.677,7.668,7.795,7.718,7.75,
DampHeat,FTO,0,sa18842,No,,,,,,,4.5,82.2,39.4,42.8,,,,,,,,
DampHeat,FTO,0,sa18842,No,,,,,,,6.2,82.2,39.4,42.8,,,,,,,,
DampHeat,FTO,0,sa18842,No,,,,,,,4.3,82.2,39.4,42.8,,,,,,,,
DampHeat,FTO,0,sa18842,No,,,,,,,6.3,82.2,39.4,42.8,,,,,,,,
HotQUV,FTO,0,sa18843,No,3.32,92.3,-0.23,1.8,14.8,,,,,,7.786,7.763,7.664,7.704,7.858,7.709,7.723,
HotQUV,FTO,485,sa18843,No,3.66,92.1,-0.22,1.96,12.7,2.2,,81.1,38.6,42.5,7.718,7.664,7.618,7.627,7.772,7.754,7.804,
HotQUV,FTO,485,sa18843,No,,,,,,2.3,,81.1,38.6,42.5,,,,,,,,
HotQUV,FTO,485,sa18843,No,,,,,,2.5,,81.1,38.6,42.5,,,,,,,,
DampHeat,FTO,0,sa18843,No,3.32,92.3,-0.23,1.8,14.8,,,,,,7.786,7.763,7.664,7.704,7.858,7.709,7.723,
HotQUV,FTO,0,sa18844,No,3.45,92.37,-0.29,1.89,15.1,,,,,,8.049,7.985,7.976,8.013,8.144,8.022,8.049,
HotQUV,FTO,485,sa18844,No,3.65,92.17,-0.27,1.98,13.3,,7.9,81.1,38.6,42.5,8.004,7.945,7.954,7.981,8.149,8.062,8.071,
HotQUV,FTO,485,sa18844,No,,,,,,,8.1,81.1,38.6,42.5,,,,,,,,
HotQUV,FTO,485,sa18844,No,,,,,,,8.9,81.1,38.6,42.5,,,,,,,,
HotQUV,FTO,485,sa18844,No,,,,,,,9.9,81.1,38.6,42.5,,,,,,,,
HotQUV,FTO,485,sa18844,No,,,,,,,9.8,81.1,38.6,42.5,,,,,,,,
DampHeat,FTO,0,sa18844,No,3.45,92.37,-0.29,1.89,15.1,,,,,,8.049,7.985,7.976,8.013,8.144,8.022,8.049,
HotQUV,FTO,0,sa18845,No,3.38,92.23,-0.25,1.84,15.1,,,,,,7.677,7.609,7.573,7.609,7.723,7.627,7.596,
DampHeat,FTO,0,sa18845,No,3.38,92.23,-0.25,1.84,15.1,,,,,,7.677,7.609,7.573,7.609,7.723,7.627,7.596,
HotQUV,FTO,0,sa18846,No,3.31,92.25,-0.23,1.79,16.1,,,,,,7.65,7.591,7.591,7.6,7.695,7.673,7.677,
DampHeat,FTO,0,sa18846,No,3.31,92.25,-0.23,1.79,16.1,,,,,,7.65,7.591,7.591,7.6,7.695,7.673,7.677,
HotQUV,FTO,0,sa18847,No,3.45,92.3,-0.25,1.87,15.7,,,,,,7.704,7.655,7.618,7.686,7.745,7.641,7.686,
HotQUV,FTO,818.4,sa18847,No,3.72,92.06,-0.23,2,13.1,1.7,,80.8,38.8,42,7.7,7.645,7.591,7.659,7.709,7.65,7.704,
HotQUV,FTO,818.4,sa18847,No,,,,,,1.7,,80.8,38.8,42,,,,,,,,
HotQUV,FTO,818.4,sa18847,No,,,,,,1.6,,80.8,38.8,42,,,,,,,,
HotQUV,FTO,818.4,sa18847,No,,,,,,2,,80.8,38.8,42,,,,,,,,
DampHeat,FTO,0,sa18847,No,3.45,92.3,-0.25,1.87,15.7,,,,,,7.704,7.655,7.618,7.686,7.745,7.641,7.686,
HotQUV,FTO,0,sa18848,No,3.47,92.24,-0.29,1.9,15.2,,,,,,7.537,7.455,7.442,7.46,7.528,7.496,7.523,
HotQUV,FTO,818.4,sa18848,No,3.59,92.11,-0.29,1.96,13.3,,11.1,80.8,38.8,42,7.505,7.442,7.405,7.451,7.614,7.514,7.541,
HotQUV,FTO,818.4,sa18848,No,,,,,,,11.8,80.8,38.8,42,,,,,,,,
HotQUV,FTO,818.4,sa18848,No,,,,,,,12.1,80.8,38.8,42,,,,,,,,
HotQUV,FTO,818.4,sa18848,No,,,,,,,11.6,80.8,38.8,42,,,,,,,,
HotQUV,FTO,818.4,sa18848,No,,,,,,,14.8,80.8,38.8,42,,,,,,,,
DampHeat,FTO,0,sa18848,No,3.47,92.24,-0.29,1.9,15.2,,,,,,7.537,7.455,7.442,7.46,7.528,7.496,7.523,
HotQUV,FTO,0,sa18849,No,3.39,92.36,-0.29,1.86,15.5,,,,,,7.496,7.419,7.419,7.432,7.578,7.496,7.473,
DampHeat,FTO,0,sa18849,No,3.39,92.36,-0.29,1.86,15.5,,,,,,7.496,7.419,7.419,7.432,7.578,7.496,7.473,
HotQUV,FTO,0,sa18850,No,3.48,92.23,-0.3,1.9,16,,,,,,7.523,7.442,7.446,7.405,7.392,7.491,7.469,
DampHeat,FTO,0,sa18850,No,3.48,92.23,-0.3,1.9,16,,,,,,7.523,7.442,7.446,7.405,7.392,7.491,7.469,
HotQUV,AZO,0,sa18851,No,5.15,93.43,-1.06,3.11,0.6,5.7,,80.5,39.6,40.9,9.608,9.585,9.689,9.794,10.011,9.798,9.78,
HotQUV,AZO,0,sa18851,No,,,,,,7.1,,80.5,39.6,40.9,,,,,,,,
HotQUV,AZO,0,sa18851,No,,,,,,8.7,,80.5,39.6,40.9,,,,,,,,
HotQUV,AZO,0,sa18851,No,,,,,,9,,80.5,39.6,40.9,,,,,,,,
HotQUV,AZO,0,sa18851,No,,,,,,8,,80.5,39.6,40.9,,,,,,,,
HotQUV,AZO,163.8,sa18851,No,5.11,93.59,-1.15,3.13,0,1.7,,82.1,39.4,42.7,9.984,9.889,9.848,9.921,10.143,10.12,9.911,
HotQUV,AZO,163.8,sa18851,No,,,,,,2.6,,82.1,39.4,42.7,,,,,,,,
DampHeat,AZO,0,sa18851,No,5.15,93.43,-1.06,3.11,0.6,5.7,,80.5,39.6,40.9,9.608,9.585,9.689,9.794,10.011,9.798,9.78,
DampHeat,AZO,0,sa18851,No,,,,,,7.1,,80.5,39.6,40.9,,,,,,,,
DampHeat,AZO,0,sa18851,No,,,,,,8.7,,80.5,39.6,40.9,,,,,,,,
DampHeat,AZO,0,sa18851,No,,,,,,9,,80.5,39.6,40.9,,,,,,,,
DampHeat,AZO,0,sa18851,No,,,,,,8,,80.5,39.6,40.9,,,,,,,,
HotQUV,AZO,0,sa18852,No,5.29,93.41,-0.95,3.14,0.6,3.9,,80.5,39.6,40.9,9.717,9.64,9.649,9.721,9.948,9.748,9.794,
HotQUV,AZO,0,sa18852,No,,,,,,7,,80.5,39.6,40.9,,,,,,,,
HotQUV,AZO,0,sa18852,No,,,,,,7.7,,80.5,39.6,40.9,,,,,,,,
HotQUV,AZO,0,sa18852,No,,,,,,6.4,,80.5,39.6,40.9,,,,,,,,
HotQUV,AZO,0,sa18852,No,,,,,,8.1,,80.5,39.6,40.9,,,,,,,,
HotQUV,AZO,163.8,sa18852,No,5.09,93.64,-1.09,3.1,0.1,,7.1,82.1,39.4,42.7,9.848,9.816,9.853,9.898,10.206,10.016,10.011,
HotQUV,AZO,163.8,sa18852,No,,,,,,,7.2,82.1,39.4,42.7,,,,,,,,
HotQUV,AZO,163.8,sa18852,No,,,,,,,8.7,82.1,39.4,42.7,,,,,,,,
HotQUV,AZO,163.8,sa18852,No,,,,,,,4.9,82.1,39.4,42.7,,,,,,,,
HotQUV,AZO,163.8,sa18852,No,,,,,,,9.1,82.1,39.4,42.7,,,,,,,,
DampHeat,AZO,0,sa18852,No,5.29,93.41,-0.95,3.14,0.6,3.9,,80.5,39.6,40.9,9.717,9.64,9.649,9.721,9.948,9.748,9.794,
DampHeat,AZO,0,sa18852,No,,,,,,7,,80.5,39.6,40.9,,,,,,,,
DampHeat,AZO,0,sa18852,No,,,,,,7.7,,80.5,39.6,40.9,,,,,,,,
DampHeat,AZO,0,sa18852,No,,,,,,6.4,,80.5,39.6,40.9,,,,,,,,
DampHeat,AZO,0,sa18852,No,,,,,,8.1,,80.5,39.6,40.9,,,,,,,,
HotQUV,AZO,0,sa18853,No,4.98,93.51,-1.42,3.17,0.6,,20.3,80.5,39.6,40.9,10.002,10.002,10.07,10.174,10.333,10.242,10.188,
HotQUV,AZO,0,sa18853,No,,,,,,,21.9,80.5,39.6,40.9,,,,,,,,
HotQUV,AZO,0,sa18853,No,,,,,,,24.6,80.5,39.6,40.9,,,,,,,,
HotQUV,AZO,0,sa18853,No,,,,,,,23.9,80.5,39.6,40.9,,,,,,,,
HotQUV,AZO,0,sa18853,No,,,,,,,25.5,80.5,39.6,40.9,,,,,,,,
HotQUV,AZO,326.6,sa18853,No,4.8,93.8,-1.54,3.13,0,8.3,,81.9,39.2,42.7,10.288,10.265,10.279,10.392,10.696,10.464,10.392,
HotQUV,AZO,326.6,sa18853,No,,,,,,2.1,,81.9,39.2,42.7,,,,,,,,
HotQUV,AZO,326.6,sa18853,No,,,,,,4.1,,81.9,39.2,42.7,,,,,,,,
DampHeat,AZO,0,sa18853,No,4.98,93.51,-1.42,3.17,0.6,,20.3,80.5,39.6,40.9,10.002,10.002,10.07,10.174,10.333,10.242,10.188,
DampHeat,AZO,0,sa18853,No,,,,,,,21.9,80.5,39.6,40.9,,,,,,,,
DampHeat,AZO,0,sa18853,No,,,,,,,24.6,80.5,39.6,40.9,,,,,,,,
DampHeat,AZO,0,sa18853,No,,,,,,,23.9,80.5,39.6,40.9,,,,,,,,
DampHeat,AZO,0,sa18853,No,,,,,,,25.5,80.5,39.6,40.9,,,,,,,,
HotQUV,AZO,0,sa18854,No,5,93.52,-1.41,3.18,0.4,,13.8,80.5,39.6,40.9,10.025,9.989,10.047,10.12,10.279,10.229,10.156,
HotQUV,AZO,0,sa18854,No,,,,,,,11.9,80.5,39.6,40.9,,,,,,,,
HotQUV,AZO,0,sa18854,No,,,,,,,10.5,80.5,39.6,40.9,,,,,,,,
HotQUV,AZO,0,sa18854,No,,,,,,,12.2,80.5,39.6,40.9,,,,,,,,
HotQUV,AZO,0,sa18854,No,,,,,,,13,80.5,39.6,40.9,,,,,,,,
HotQUV,AZO,326.6,sa18854,No,4.81,93.72,-1.52,3.13,0.1,,5.8,81.9,39.2,42.7,10.478,10.274,10.229,10.279,10.27,10.306,10.541,
HotQUV,AZO,326.6,sa18854,No,,,,,,,3.9,81.9,39.2,42.7,,,,,,,,
HotQUV,AZO,326.6,sa18854,No,,,,,,,6.3,81.9,39.2,42.7,,,,,,,,
HotQUV,AZO,326.6,sa18854,No,,,,,,,8,81.9,39.2,42.7,,,,,,,,
HotQUV,AZO,326.6,sa18854,No,,,,,,,9.7,81.9,39.2,42.7,,,,,,,,
DampHeat,AZO,0,sa18854,No,5,93.52,-1.41,3.18,0.4,,13.8,80.5,39.6,40.9,10.025,9.989,10.047,10.12,10.279,10.229,10.156,
DampHeat,AZO,0,sa18854,No,,,,,,,11.9,80.5,39.6,40.9,,,,,,,,
DampHeat,AZO,0,sa18854,No,,,,,,,10.5,80.5,39.6,40.9,,,,,,,,
DampHeat,AZO,0,sa18854,No,,,,,,,12.2,80.5,39.6,40.9,,,,,,,,
DampHeat,AZO,0,sa18854,No,,,,,,,13,80.5,39.6,40.9,,,,,,,,
HotQUV,AZO,0,sa18855,No,5.28,93.37,-0.84,3.08,0.5,,,,,,9.771,9.631,9.612,9.621,9.748,9.744,9.739,
HotQUV,AZO,485,sa18855,No,5.11,93.58,-0.99,3.06,0.6,3.2,,79.4,39.5,39.9,9.83,9.703,9.64,9.721,9.998,9.93,9.83,
HotQUV,AZO,485,sa18855,No,,,,,,2.4,,79.4,39.5,39.9,,,,,,,,
HotQUV,AZO,485,sa18855,No,,,,,,3.3,,79.4,39.5,39.9,,,,,,,,
HotQUV,AZO,485,sa18855,No,,,,,,3.8,,79.4,39.5,39.9,,,,,,,,
HotQUV,AZO,485,sa18855,No,,,,,,4.4,,79.4,39.5,39.9,,,,,,,,
DampHeat,AZO,0,sa18855,No,5.28,93.37,-0.84,3.08,0.5,,,,,,9.771,9.631,9.612,9.621,9.748,9.744,9.739,
HotQUV,AZO,0,sa18856,No,5.18,93.44,-1.04,3.12,0.5,,,,,,9.78,9.726,9.689,9.744,9.925,9.685,9.939,
HotQUV,AZO,485,sa18856,No,5,93.63,-1.16,3.08,0.5,,23.4,79.4,39.5,39.9,9.803,9.739,9.839,9.989,10.292,9.975,9.934,
HotQUV,AZO,485,sa18856,No,,,,,,,21.3,79.4,39.5,39.9,,,,,,,,
HotQUV,AZO,485,sa18856,No,,,,,,,19.9,79.4,39.5,39.9,,,,,,,,
HotQUV,AZO,485,sa18856,No,,,,,,,22.5,79.4,39.5,39.9,,,,,,,,
HotQUV,AZO,485,sa18856,No,,,,,,,22.8,79.4,39.5,39.9,,,,,,,,
DampHeat,AZO,0,sa18856,No,5.18,93.44,-1.04,3.12,0.5,,,,,,9.78,9.726,9.689,9.744,9.925,9.685,9.939,
HotQUV,AZO,0,sa18857,No,5.25,93.44,-1.07,3.17,0.5,,,,,,9.735,9.644,9.703,9.771,10.016,9.798,9.839,
DampHeat,AZO,0,sa18857,No,5.25,93.44,-1.07,3.17,0.5,,,,,,9.735,9.644,9.703,9.771,10.016,9.798,9.839,
HotQUV,AZO,0,sa18858,No,5.01,93.55,-1.41,3.18,0.6,,,,,,10.115,10.075,10.134,10.188,10.337,10.251,10.202,
DampHeat,AZO,0,sa18858,No,5.01,93.55,-1.41,3.18,0.6,,,,,,10.115,10.075,10.134,10.188,10.337,10.251,10.202,
HotQUV,AZO,0,sa18859,No,5.02,93.51,-1.4,3.18,0.4,,,,,,10.057,9.998,10.043,10.134,10.27,10.111,10.138,
HotQUV,AZO,818.4,sa18859,No,4.91,93.63,-1.5,3.17,0.6,3.6,,78.8,39.9,38.9,10.174,10.075,10.161,10.279,10.487,10.247,10.333,
HotQUV,AZO,818.4,sa18859,No,,,,,,3.3,,78.8,39.9,38.9,,,,,,,,
HotQUV,AZO,818.4,sa18859,No,,,,,,3.9,,78.8,39.9,38.9,,,,,,,,
HotQUV,AZO,818.4,sa18859,No,,,,,,4.2,,78.8,39.9,38.9,,,,,,,,
HotQUV,AZO,818.4,sa18859,No,,,,,,4.2,,78.8,39.9,38.9,,,,,,,,
DampHeat,AZO,0,sa18859,No,5.02,93.51,-1.4,3.18,0.4,,,,,,10.057,9.998,10.043,10.134,10.27,10.111,10.138,
HotQUV,AZO,0,sa18860,No,4.96,93.52,-1.51,3.19,0.5,,,,,,10.782,10.677,10.65,10.673,10.809,10.809,10.56,
HotQUV,AZO,818.4,sa18860,No,4.9,93.57,-1.57,3.19,0.6,,22.8,78.8,39.9,38.9,10.736,10.696,10.764,10.877,11.017,10.899,10.977,
HotQUV,AZO,818.4,sa18860,No,,,,,,,23.9,78.8,39.9,38.9,,,,,,,,
HotQUV,AZO,818.4,sa18860,No,,,,,,,25.4,78.8,39.9,38.9,,,,,,,,
HotQUV,AZO,818.4,sa18860,No,,,,,,,26.7,78.8,39.9,38.9,,,,,,,,
HotQUV,AZO,818.4,sa18860,No,,,,,,,27.3,78.8,39.9,38.9,,,,,,,,
DampHeat,AZO,0,sa18860,No,4.96,93.52,-1.51,3.19,0.5,,,,,,10.782,10.677,10.65,10.673,10.809,10.809,10.56,
HotQUV,AZO,0,sa18861,No,5.22,93.44,-1.08,3.16,0.5,,,,,,9.916,9.771,9.735,9.689,9.753,9.798,9.821,
DampHeat,AZO,0,sa18861,No,5.22,93.44,-1.08,3.16,0.5,,,,,,9.916,9.771,9.735,9.689,9.753,9.798,9.821,
HotQUV,AZO,0,sa18862,No,5,93.53,-1.43,3.19,0.5,,,,,,10.188,10.088,10.061,10.066,10.211,10.038,10.197,
DampHeat,AZO,0,sa18862,No,5,93.53,-1.43,3.19,0.5,,,,,,10.188,10.088,10.061,10.066,10.211,10.038,10.197,
Cyclic,FTO,0,sa18868,No,,,,,,,,,,,7.461,7.323,7.325,7.337,7.403,7.425,7.36,
Cyclic,FTO,164,sa18868,No,3.58,92.1,-0.25,1.93,13.7,1.3,,81.2,38.6,42.6,7.342,7.287,7.292,7.274,7.315,7.378,7.342,
Cyclic,FTO,164,sa18868,No,,,,,,2.9,,81.2,38.6,42.6,,,,,,,,
Cyclic,FTO,164,sa18869,No,3.56,92.11,-0.25,1.92,13.4,1.9,,81.2,38.6,42.6,7.369,7.292,7.256,7.274,7.401,7.346,7.374,
Cyclic,FTO,164,sa18869,No,,,,,,3,,81.2,38.6,42.6,,,,,,,,
Cyclic,FTO,164,sa18869,No,,,,,,,8.2,81.2,38.6,42.6,,,,,,,,
Cyclic,FTO,164,sa18869,No,,,,,,,13.6,81.2,38.6,42.6,,,,,,,,
Cyclic,FTO,164,sa18869,No,,,,,,,9.5,81.2,38.6,42.6,,,,,,,,
Cyclic,FTO,164,sa18870,No,3.51,92.1,-0.25,1.9,13.3,,5.4,81.2,38.6,42.6,7.328,7.238,7.251,7.26,7.374,7.41,7.328,
Cyclic,FTO,164,sa18870,No,,,,,,,7.2,81.2,38.6,42.6,,,,,,,,
Cyclic,FTO,164,sa18870,No,,,,,,,6.9,81.2,38.6,42.6,,,,,,,,
Cyclic,FTO,164,sa18870,No,,,,,,,6.5,81.2,38.6,42.6,,,,,,,,
Cyclic,FTO,164,sa18870,No,,,,,,,8.6,81.2,38.6,42.6,,,,,,,,
Cyclic,FTO,332,sa18871,No,4.43,91.95,-0.31,2.4,7.9,3.5,,81.3,38.5,42.8,7.46,7.478,7.496,7.351,7.487,7.514,7.419,
Cyclic,FTO,332,sa18871,No,,,,,,1.4,,81.3,38.5,42.8,,,,,,,,
Cyclic,FTO,332,sa18871,No,,,,,,2.8,,81.3,38.5,42.8,,,,,,,,
Cyclic,FTO,332,sa18871,No,,,,,,2.2,,81.3,38.5,42.8,,,,,,,,
Cyclic,FTO,332,sa18872,No,4.38,91.92,-0.31,2.36,8.8,2.8,,81.3,38.5,42.8,7.419,7.378,7.482,7.392,7.446,7.5,7.414,
Cyclic,FTO,332,sa18872,No,,,,,,2.2,,81.3,38.5,42.8,,,,,,,,
Cyclic,FTO,332,sa18872,No,,,,,,,7.1,81.3,38.5,42.8,,,,,,,,
Cyclic,FTO,332,sa18872,No,,,,,,,7.5,81.3,38.5,42.8,,,,,,,,
Cyclic,FTO,332,sa18872,No,,,,,,,10,81.3,38.5,42.8,,,,,,,,
Cyclic,FTO,332,sa18873,No,4.57,92.08,-0.36,2.48,7,,4.8,81.3,38.5,42.8,8.108,8.04,8.04,8.035,8.171,8.167,8.162,
Cyclic,FTO,332,sa18873,No,,,,,,,2.1,81.3,38.5,42.8,,,,,,,,
Cyclic,FTO,332,sa18873,No,,,,,,,6.5,81.3,38.5,42.8,,,,,,,,
Cyclic,FTO,332,sa18873,No,,,,,,,3,81.3,38.5,42.8,,,,,,,,
Cyclic,FTO,332,sa18873,No,,,,,,,6.2,81.3,38.5,42.8,,,,,,,,
Cyclic,FTO,0,sa18874,No,,,,,,,,,,,8.211,7.986,7.988,8.039,8.118,8.115,8.105,
Cyclic,FTO,498,sa18874,No,4.61,92.03,-0.34,2.5,6.6,1.7,,81.3,38.5,42.8,8.121,7.976,8.004,8.035,8.149,8.085,8.081,
Cyclic,FTO,498,sa18874,No,,,,,,3.3,,81.3,38.5,42.8,,,,,,,,
Cyclic,FTO,498,sa18874,No,,,,,,3,,81.3,38.5,42.8,,,,,,,,
Cyclic,FTO,498,sa18874,No,,,,,,2,,81.3,38.5,42.8,,,,,,,,
Cyclic,FTO,498,sa18875,No,4.6,92.02,-0.35,2.5,6.8,2.5,,81.3,38.5,42.8,8.081,8.008,7.999,8.008,8.13,8.108,8.121,
Cyclic,FTO,498,sa18875,No,,,,,,1.9,,81.3,38.5,42.8,,,,,,,,
Cyclic,FTO,498,sa18875,No,,,,,,,10.5,81.3,38.5,42.8,,,,,,,,
Cyclic,FTO,498,sa18875,No,,,,,,,6.2,81.3,38.5,42.8,,,,,,,,
Cyclic,FTO,498,sa18875,No,,,,,,,10.1,81.3,38.5,42.8,,,,,,,,
Cyclic,FTO,498,sa18876,No,7.01,90.5,-0.57,3.8,7.2,,3.4,81.3,38.5,42.8,8.629,8.597,8.643,8.57,8.647,8.733,8.643,
Cyclic,FTO,498,sa18876,No,,,,,,,2.5,81.3,38.5,42.8,,,,,,,,
Cyclic,FTO,498,sa18876,No,,,,,,,7.2,81.3,38.5,42.8,,,,,,,,
Cyclic,FTO,498,sa18876,No,,,,,,,5.7,81.3,38.5,42.8,,,,,,,,
Cyclic,FTO,498,sa18876,No,,,,,,,7.2,81.3,38.5,42.8,,,,,,,,
Cyclic,FTO,666,sa18877,No,4.47,92.07,-0.37,2.44,6.5,1.7,,81.1,38.5,42.6,8.103,7.994,8.013,8.004,8.108,8.085,8.112,
Cyclic,FTO,666,sa18877,No,,,,,,2.2,,81.1,38.5,42.6,,,,,,,,
Cyclic,FTO,666,sa18877,No,,,,,,3.1,,81.1,38.5,42.6,,,,,,,,
Cyclic,FTO,666,sa18877,No,,,,,,1.5,,81.1,38.5,42.6,,,,,,,,
Cyclic,FTO,666,sa18878,No,4.6,92.03,-0.34,2.5,6.8,8.4,,81.1,38.5,42.6,8.126,8.017,8.044,8.058,8.185,8.117,8.094,
Cyclic,FTO,666,sa18878,No,,,,,,2.4,,81.1,38.5,42.6,,,,,,,,
Cyclic,FTO,666,sa18878,No,,,,,,2.7,,81.1,38.5,42.6,,,,,,,,
Cyclic,FTO,666,sa18878,No,,,,,,,8.6,81.1,38.5,42.6,,,,,,,,
Cyclic,FTO,666,sa18878,No,,,,,,,8.7,81.1,38.5,42.6,,,,,,,,
Cyclic,FTO,666,sa18878,No,,,,,,,8.5,81.1,38.5,42.6,,,,,,,,
Cyclic,FTO,666,sa18879,No,4.52,92.08,-0.34,2.46,6.6,,9.5,81.1,38.5,42.6,8.099,7.999,8.04,8.049,8.162,8.13,8.13,
Cyclic,FTO,666,sa18879,No,,,,,,,4.1,81.1,38.5,42.6,,,,,,,,
Cyclic,FTO,666,sa18879,No,,,,,,,11.3,81.1,38.5,42.6,,,,,,,,
Cyclic,FTO,666,sa18879,No,,,,,,,5.2,81.1,38.5,42.6,,,,,,,,
Cyclic,FTO,666,sa18879,No,,,,,,,6.5,81.1,38.5,42.6,,,,,,,,
Cyclic,FTO,0,sa18880,No,,,,,,,,,,,7.665,7.42,7.469,7.471,7.594,7.564,7.497,
Cyclic,FTO,832,sa18880,No,4.31,91.97,-0.27,2.32,6.7,2.4,,80.9,28.6,42.2,7.564,7.432,7.442,7.464,7.573,7.555,7.55,
Cyclic,FTO,832,sa18880,No,,,,,,2.6,,80.9,28.6,42.2,,,,,,,,
Cyclic,FTO,832,sa18880,No,,,,,,3,,80.9,28.6,42.2,,,,,,,,
Cyclic,FTO,832,sa18880,No,,,,,,7.1,,80.9,28.6,42.2,,,,,,,,
Cyclic,FTO,832,sa18881,No,4.32,91.99,-0.28,2.33,6.9,2.6,,80.9,28.6,42.2,7.564,7.423,7.491,7.469,7.537,7.591,7.541,
Cyclic,FTO,832,sa18881,No,,,,,,2.4,,80.9,28.6,42.2,,,,,,,,
Cyclic,FTO,832,sa18881,No,,,,,,1.7,,80.9,28.6,42.2,,,,,,,,
Cyclic,FTO,832,sa18881,No,,,,,,,9.5,80.9,28.6,42.2,,,,,,,,
Cyclic,FTO,832,sa18881,No,,,,,,,6.3,80.9,28.6,42.2,,,,,,,,
Cyclic,FTO,832,sa18881,No,,,,,,,11.7,80.9,28.6,42.2,,,,,,,,
Cyclic,FTO,832,sa18882,No,4.56,92.1,-0.36,2.48,6.7,,16.7,80.9,28.6,42.2,8.212,8.053,8.076,8.09,8.239,8.189,8.153,
Cyclic,FTO,832,sa18882,No,,,,,,,10.5,80.9,28.6,42.2,,,,,,,,
Cyclic,FTO,832,sa18882,No,,,,,,,11.7,80.9,28.6,42.2,,,,,,,,
Cyclic,FTO,832,sa18882,No,,,,,,,11.4,80.9,28.6,42.2,,,,,,,,
Cyclic,FTO,832,sa18882,No,,,,,,,10,80.9,28.6,42.2,,,,,,,,
Cyclic,FTO,0,sa18883,No,3.72,92.23,-0.28,2.02,15,,,,,,,,,,,,,
Cyclic,FTO,1001,sa18883,No,3.76,92.24,-0.27,2.04,13.5,2.6,,81,38.6,42.5,8.04,8.035,8.09,7.981,8.203,8.198,8.139,
Cyclic,FTO,1001,sa18883,No,,,,,,2.9,,81,38.6,42.5,,,,,,,,
Cyclic,FTO,1001,sa18883,No,,,,,,5.6,,81,38.6,42.5,,,,,,,,
Cyclic,FTO,1001,sa18883,No,,,,,,3.7,,81,38.6,42.5,,,,,,,,
Cyclic,FTO,1001,sa18883,No,,,,,,3.8,,81,38.6,42.5,,,,,,,,
Cyclic,FTO,0,sa18884,No,3.77,92.23,-0.29,2.05,14.2,,,,,,,,,,,,,
Cyclic,FTO,1001,sa18884,No,3.75,92.2,-0.28,2.03,13.7,1.5,,81,38.6,42.5,8.139,8.035,8.04,8.035,8.18,8.139,8.121,
Cyclic,FTO,1001,sa18884,No,,,,,,,5.3,81,38.6,42.5,,,,,,,,
Cyclic,FTO,1001,sa18884,No,,,,,,,7.2,81,38.6,42.5,,,,,,,,
Cyclic,FTO,1001,sa18884,No,,,,,,,9,81,38.6,42.5,,,,,,,,
Cyclic,FTO,0,sa18885,No,3.76,92.23,-0.28,2.04,14.9,,,,,,,,,,,,,
Cyclic,FTO,1001,sa18885,No,3.78,92.21,-0.27,2.05,13.2,,13.2,81,38.6,42.5,8.23,8.076,8.081,8.062,8.207,8.153,8.162,
Cyclic,FTO,1001,sa18885,No,,,,,,,8.1,81,38.6,42.5,,,,,,,,
Cyclic,FTO,1001,sa18885,No,,,,,,,11.3,81,38.6,42.5,,,,,,,,
Cyclic,FTO,1001,sa18885,No,,,,,,,9.8,81,38.6,42.5,,,,,,,,
Cyclic,FTO,1001,sa18885,No,,,,,,,11.4,81,38.6,42.5,,,,,,,,
DampHeat,ITO,168,sa18886,No,5.87,94.67,-0.08,3.12,0.7,6.7,,76.1,42.4,33.6,65,52,50,53,65,51,53,
DampHeat,ITO,168,sa18886,No,,,,,,9.3,,76.1,42.4,33.6,,,,,,,,
DampHeat,ITO,168,sa18886,No,,,,,,6.2,,76.1,42.4,33.6,,,,,,,,
DampHeat,ITO,168,sa18886,No,,,,,,7,,76.1,42.4,33.6,,,,,,,,
DampHeat,ITO,168,sa18886,No,,,,,,6.1,,76.1,42.4,33.6,,,,,,,,
DampHeat,ITO,168,sa18887,No,5.84,94.76,-0.07,3.1,1.9,,36.4,76.1,42.4,33.6,69,53,51,53,61,51,55,
DampHeat,ITO,168,sa18887,No,,,,,,,36.5,76.1,42.4,33.6,,,,,,,,
DampHeat,ITO,168,sa18887,No,,,,,,,40.1,76.1,42.4,33.6,,,,,,,,
DampHeat,ITO,168,sa18887,No,,,,,,,40.7,76.1,42.4,33.6,,,,,,,,
DampHeat,ITO,168,sa18887,No,,,,,,,38,76.1,42.4,33.6,,,,,,,,
DampHeat,ITO,168,sa18887,No,,,,,,,40.2,76.1,42.4,33.6,,,,,,,,
DampHeat,ITO,168,sa18887,No,,,,,,,43,76.1,42.4,33.6,,,,,,,,
DampHeat,ITO,168,sa18887,No,,,,,,,42.5,76.1,42.4,33.6,,,,,,,,
DampHeat,ITO,336,sa18888,No,5.84,94.66,-0.09,3.11,0,5.8,,76.5,42,34.6,66,54,51,54,69,53,56,
DampHeat,ITO,336,sa18888,No,,,,,,5.8,,76.5,42,34.6,,,,,,,,
DampHeat,ITO,336,sa18888,No,,,,,,11,,76.5,42,34.6,,,,,,,,
DampHeat,ITO,336,sa18888,No,,,,,,6.6,,76.5,42,34.6,,,,,,,,
DampHeat,ITO,336,sa18888,No,,,,,,6.4,,76.5,42,34.6,,,,,,,,
DampHeat,ITO,336,sa18889,No,6.01,94.72,-0.09,3.2,0.4,,34.6,76.5,42,34.6,66,52,50,53,66,52,53,
DampHeat,ITO,336,sa18889,No,,,,,,,36.9,76.5,42,34.6,,,,,,,,
DampHeat,ITO,336,sa18889,No,,,,,,,39.4,76.5,42,34.6,,,,,,,,
DampHeat,ITO,336,sa18889,No,,,,,,,38,76.5,42,34.6,,,,,,,,
DampHeat,ITO,336,sa18889,No,,,,,,,38,76.5,42,34.6,,,,,,,,
DampHeat,ITO,672,sa18892,No,6.24,94.66,-0.07,3.31,0.7,7.1,,74.6,43.3,31.3,59,51,50,52,62,54,51,
DampHeat,ITO,672,sa18892,No,,,,,,7.6,,74.6,43.3,31.3,,,,,,,,
DampHeat,ITO,672,sa18892,No,,,,,,7.6,,74.6,43.3,31.3,,,,,,,,
DampHeat,ITO,672,sa18892,No,,,,,,7.1,,74.6,43.3,31.3,,,,,,,,
DampHeat,ITO,672,sa18892,No,,,,,,6.6,,74.6,43.3,31.3,,,,,,,,
DampHeat,ITO,672,sa18893,No,6.07,94.67,-0.07,3.22,0.2,,44.9,74.6,43.3,31.3,61,51,50,52,60,53,52,
DampHeat,ITO,672,sa18893,No,,,,,,,45.9,74.6,43.3,31.3,,,,,,,,
DampHeat,ITO,672,sa18893,No,,,,,,,45.1,74.6,43.3,31.3,,,,,,,,
DampHeat,ITO,672,sa18893,No,,,,,,,44.7,74.6,43.3,31.3,,,,,,,,
DampHeat,ITO,672,sa18893,No,,,,,,,45.7,74.6,43.3,31.3,,,,,,,,
DampHeat,AZO,168,sa18898,No,4.94,93.66,-1.56,3.21,1.6,12.5,,79,38.6,40.4,12.105,11.915,11.711,11.747,12.155,11.801,12.123,
DampHeat,AZO,168,sa18898,No,,,,,,13.6,,79,38.6,40.4,,,,,,,,
DampHeat,AZO,168,sa18898,No,,,,,,14.5,,79,38.6,40.4,,,,,,,,
DampHeat,AZO,168,sa18898,No,,,,,,13.4,,79,38.6,40.4,,,,,,,,
DampHeat,AZO,168,sa18898,No,,,,,,15,,79,38.6,40.4,,,,,,,,
DampHeat,AZO,168,sa18899,No,5.66,93.32,-0.59,3.18,0.5,,13,79,38.6,40.4,11.167,10.972,10.913,10.918,11.421,11.23,11.085,
DampHeat,AZO,168,sa18899,No,,,,,,,16.5,79,38.6,40.4,,,,,,,,
DampHeat,AZO,168,sa18899,No,,,,,,,22.4,79,38.6,40.4,,,,,,,,
DampHeat,AZO,168,sa18899,No,,,,,,,20.7,79,38.6,40.4,,,,,,,,
DampHeat,AZO,168,sa18899,No,,,,,,,28.3,79,38.6,40.4,,,,,,,,
DampHeat,AZO,336,sa18900,No,4.89,93.54,-1.62,3.2,0.2,13,,79.8,38.1,41.7,12.581,12.332,12.304,12.422,12.735,12.603,12.463,
DampHeat,AZO,336,sa18900,No,,,,,,13.9,,79.8,38.1,41.7,,,,,,,,
DampHeat,AZO,336,sa18900,No,,,,,,14,,79.8,38.1,41.7,,,,,,,,
DampHeat,AZO,336,sa18900,No,,,,,,14.3,,79.8,38.1,41.7,,,,,,,,
DampHeat,AZO,336,sa18900,No,,,,,,15.4,,79.8,38.1,41.7,,,,,,,,
DampHeat,AZO,336,sa18901,No,4.98,93.55,-1.58,3.24,0.3,,12,79.8,38.1,41.7,12.35,12.313,12.359,12.458,12.835,12.653,12.445,
DampHeat,AZO,336,sa18901,No,,,,,,,15.7,79.8,38.1,41.7,,,,,,,,
DampHeat,AZO,336,sa18901,No,,,,,,,12.9,79.8,38.1,41.7,,,,,,,,
DampHeat,AZO,336,sa18901,No,,,,,,,15.6,79.8,38.1,41.7,,,,,,,,
DampHeat,AZO,672,sa18904,No,4.83,93.6,-1.53,3.14,0.5,13.8,,76.6,38.5,38.1,13.714,13.827,13.936,14.095,14.439,14.389,14.652,
DampHeat,AZO,672,sa18904,No,,,,,,13.6,,76.6,38.5,38.1,,,,,,,,
DampHeat,AZO,672,sa18904,No,,,,,,15.2,,76.6,38.5,38.1,,,,,,,,
DampHeat,AZO,672,sa18904,No,,,,,,15.6,,76.6,38.5,38.1,,,,,,,,
DampHeat,AZO,672,sa18904,No,,,,,,14.6,,76.6,38.5,38.1,,,,,,,,
DampHeat,AZO,672,sa18905,No,4.76,93.57,-1.62,3.14,0.6,,26.3,76.6,38.5,38.1,14.829,14.652,14.57,14.552,14.765,15.486,15.137,
DampHeat,AZO,672,sa18905,No,,,,,,,25.8,76.6,38.5,38.1,,,,,,,,
DampHeat,AZO,672,sa18905,No,,,,,,,30.5,76.6,38.5,38.1,,,,,,,,
DampHeat,AZO,672,sa18905,No,,,,,,,26.2,76.6,38.5,38.1,,,,,,,,
DampHeat,AZO,672,sa18905,No,,,,,,,30.2,76.6,38.5,38.1,,,,,,,,
DampHeat,FTO,168,sa18910,No,4.32,92,-0.32,2.34,6.5,2.9,,82.2,39.3,42.8,7.609,7.573,7.564,7.609,7.727,7.673,7.736,
DampHeat,FTO,168,sa18910,No,,,,,,2.6,,82.2,39.3,42.8,,,,,,,,
DampHeat,FTO,168,sa18910,No,,,,,,3,,82.2,39.3,42.8,,,,,,,,
DampHeat,FTO,168,sa18910,No,,,,,,3.6,,82.2,39.3,42.8,,,,,,,,
DampHeat,FTO,168,sa18910,No,,,,,,3.5,,82.2,39.3,42.8,,,,,,,,
DampHeat,FTO,168,sa18911,No,4.22,92.06,-0.33,2.29,6.6,,5.7,82.2,39.3,42.8,7.618,7.591,7.555,7.605,7.695,7.664,7.65,
DampHeat,FTO,168,sa18911,No,,,,,,,8,82.2,39.3,42.8,,,,,,,,
DampHeat,FTO,168,sa18911,No,,,,,,,6.1,82.2,39.3,42.8,,,,,,,,
DampHeat,FTO,168,sa18911,No,,,,,,,3.9,82.2,39.3,42.8,,,,,,,,
DampHeat,FTO,168,sa18911,No,,,,,,,5.2,82.2,39.3,42.8,,,,,,,,
DampHeat,FTO,336,sa18912,No,4.45,91.93,-0.34,2.41,6.8,4.1,,82,39.4,42.7,7.383,7.365,7.587,7.383,7.559,7.464,7.46,
DampHeat,FTO,336,sa18912,No,,,,,,3.6,,82,39.4,42.7,,,,,,,,
DampHeat,FTO,336,sa18912,No,,,,,,2.2,,82,39.4,42.7,,,,,,,,
DampHeat,FTO,336,sa18912,No,,,,,,4.5,,82,39.4,42.7,,,,,,,,
DampHeat,FTO,336,sa18913,No,4.3,92.01,-0.31,2.33,6.4,,6.5,82,39.4,42.7,9.481,9.467,9.572,9.413,9.594,9.83,9.585,
DampHeat,FTO,336,sa18913,No,,,,,,,7.9,82,39.4,42.7,,,,,,,,
DampHeat,FTO,336,sa18913,No,,,,,,,6.5,82,39.4,42.7,,,,,,,,
DampHeat,FTO,336,sa18913,No,,,,,,,6,82,39.4,42.7,,,,,,,,
DampHeat,FTO,336,sa18913,No,,,,,,,9.4,82,39.4,42.7,,,,,,,,
DampHeat,FTO,672,sa18916,No,3.49,92.17,-0.26,1.89,13,7.1,,80.4,38.4,42,7.609,7.55,7.537,7.555,7.673,7.596,7.6,
DampHeat,FTO,672,sa18916,No,,,,,,7.5,,80.4,38.4,42,,,,,,,,
DampHeat,FTO,672,sa18916,No,,,,,,7,,80.4,38.4,42,,,,,,,,
DampHeat,FTO,672,sa18916,No,,,,,,8.3,,80.4,38.4,42,,,,,,,,
DampHeat,FTO,672,sa18916,No,,,,,,7,,80.4,38.4,42,,,,,,,,
DampHeat,FTO,672,sa18917,No,3.66,92.29,-0.31,2,13.1,,11,80.4,38.4,42,8.194,8.103,8.099,8.126,8.203,8.244,8.171,
DampHeat,FTO,672,sa18917,No,,,,,,,11.6,80.4,38.4,42,,,,,,,,
DampHeat,FTO,672,sa18917,No,,,,,,,13.2,80.4,38.4,42,,,,,,,,
DampHeat,FTO,672,sa18917,No,,,,,,,13.2,80.4,38.4,42,,,,,,,,
DampHeat,FTO,672,sa18917,No,,,,,,,14.1,80.4,38.4,42,,,,,,,,
DampHeat,ITO,0,sa18940,Yes,,,,,,61.1,,,,,,,,,,,,5
DampHeat,ITO,0,sa18940,Yes,,,,,,52.1,,,,,,,,,,,,5
DampHeat,ITO,0,sa18940,Yes,,,,,,63.2,,,,,,,,,,,,5
DampHeat,ITO,168,sa18940,Yes,5.88,94.57,-0.06,3.11,0.4,67.4,,47,13.6,33.4,62,50,48,51,62,51,51,5
DampHeat,ITO,168,sa18940,Yes,,,,,,62.8,,47,13.6,33.4,,,,,,,,
DampHeat,ITO,168,sa18940,Yes,,,,,,76.5,,47,13.6,33.4,,,,,,,,
DampHeat,ITO,168,sa18940,Yes,,,,,,79.4,,47,13.6,33.4,,,,,,,,
DampHeat,ITO,168,sa18940,Yes,,,,,,73.4,,47,13.6,33.4,,,,,,,,
DampHeat,ITO,0,sa18941,Yes,,,,,,80.3,,,,,,,,,,,,6
DampHeat,ITO,0,sa18941,Yes,,,,,,69.7,,,,,,,,,,,,6
DampHeat,ITO,0,sa18941,Yes,,,,,,66.8,,,,,,,,,,,,6
DampHeat,ITO,168,sa18941,Yes,5.96,94.71,-0.08,3.17,0.8,,44.8,47,13.6,33.4,58,48,47,49,59,49,48,6
DampHeat,ITO,168,sa18941,Yes,,,,,,,41.4,47,13.6,33.4,,,,,,,,
DampHeat,ITO,168,sa18941,Yes,,,,,,,39.8,47,13.6,33.4,,,,,,,,
DampHeat,ITO,168,sa18941,Yes,,,,,,,40.3,47,13.6,33.4,,,,,,,,
DampHeat,ITO,0,sa18942,Yes,,,,,,81.3,,,,,,,,,,,,7
DampHeat,ITO,0,sa18942,Yes,,,,,,74.8,,,,,,,,,,,,7
DampHeat,ITO,0,sa18942,Yes,,,,,,75.6,,,,,,,,,,,,7
DampHeat,ITO,336,sa18942,Yes,5.15,94.94,-0.12,2.76,0.8,61.4,,49.9,19.6,30.2,60,51,49,51,63,52,52,7
DampHeat,ITO,336,sa18942,Yes,,,,,,63.5,,49.9,19.6,30.2,,,,,,,,
DampHeat,ITO,336,sa18942,Yes,,,,,,53.7,,49.9,19.6,30.2,,,,,,,,
DampHeat,ITO,336,sa18942,Yes,,,,,,67.3,,49.9,19.6,30.2,,,,,,,,
DampHeat,ITO,336,sa18942,Yes,,,,,,61.9,,49.9,19.6,30.2,,,,,,,,
DampHeat,ITO,0,sa18943,Yes,,,,,,68.2,,,,,,,,,,,,8
DampHeat,ITO,0,sa18943,Yes,,,,,,70.7,,,,,,,,,,,,8
DampHeat,ITO,0,sa18943,Yes,,,,,,81.6,,,,,,,,,,,,8
DampHeat,ITO,336,sa18943,Yes,5.2,94.89,-0.13,2.79,0.4,,48.2,49.9,19.6,30.2,59,50,49,50,63,50,50,8
DampHeat,ITO,336,sa18943,Yes,,,,,,,46.7,49.9,19.6,30.2,,,,,,,,
DampHeat,ITO,336,sa18943,Yes,,,,,,,49.5,49.9,19.6,30.2,,,,,,,,
DampHeat,ITO,336,sa18943,Yes,,,,,,,50.9,49.9,19.6,30.2,,,,,,,,
DampHeat,ITO,336,sa18943,Yes,,,,,,,47.9,49.9,19.6,30.2,,,,,,,,
DampHeat,AZO,0,sa18944,Yes,,,,,,72.5,,,,,,,,,,,,5
DampHeat,AZO,0,sa18944,Yes,,,,,,69.3,,,,,,,,,,,,5
DampHeat,AZO,0,sa18944,Yes,,,,,,73,,,,,,,,,,,,5
DampHeat,AZO,168,sa18944,Yes,6.14,93.31,-0.58,3.43,1,86.5,,46.1,8.8,37.3,11.461,11.253,11.23,11.475,11.928,11.498,11.584,5
DampHeat,AZO,168,sa18944,Yes,,,,,,78.8,,46.1,8.8,37.3,,,,,,,,
DampHeat,AZO,168,sa18944,Yes,,,,,,91.8,,46.1,8.8,37.3,,,,,,,,
DampHeat,AZO,168,sa18944,Yes,,,,,,73.4,,46.1,8.8,37.3,,,,,,,,
DampHeat,AZO,168,sa18944,Yes,,,,,,71.1,,46.1,8.8,37.3,,,,,,,,
DampHeat,AZO,0,sa18945,Yes,,,,,,77,,,,,,,,,,,,6
DampHeat,AZO,0,sa18945,Yes,,,,,,75,,,,,,,,,,,,6
DampHeat,AZO,0,sa18945,Yes,,,,,,73,,,,,,,,,,,,6
DampHeat,AZO,168,sa18945,Yes,6.25,93.41,-0.97,3.65,0.9,,40,46.1,8.8,37.3,14.511,9.123,13.052,12.744,12.789,13.596,13.175,6
DampHeat,AZO,168,sa18945,Yes,,,,,,,29,46.1,8.8,37.3,,,,,,,,
DampHeat,AZO,168,sa18945,Yes,,,,,,,34,46.1,8.8,37.3,,,,,,,,
DampHeat,AZO,168,sa18945,Yes,,,,,,,32.6,46.1,8.8,37.3,,,,,,,,
DampHeat,AZO,168,sa18945,Yes,,,,,,,33.3,46.1,8.8,37.3,,,,,,,,
DampHeat,AZO,0,sa18946,Yes,,,,,,85.9,,,,,,,,,,,,7
DampHeat,AZO,0,sa18946,Yes,,,,,,81.2,,,,,,,,,,,,7
DampHeat,AZO,0,sa18946,Yes,,,,,,82.8,,,,,,,,,,,,7
DampHeat,AZO,336,sa18946,Yes,4.9,93.52,-0.78,2.86,1.8,87.4,,44.5,9.1,35.4,11.842,11.606,11.434,11.715,12.014,11.874,11.819,7
DampHeat,AZO,336,sa18946,Yes,,,,,,102,,44.5,9.1,35.4,,,,,,,,
DampHeat,AZO,336,sa18946,Yes,,,,,,103,,44.5,9.1,35.4,,,,,,,,
DampHeat,AZO,336,sa18946,Yes,,,,,,38.4,,44.5,9.1,35.4,,,,,,,,
DampHeat,AZO,336,sa18946,Yes,,,,,,64.4,,44.5,9.1,35.4,,,,,,,,
DampHeat,AZO,0,sa18947,Yes,,,,,,76.2,,,,,,,,,,,,8
DampHeat,AZO,0,sa18947,Yes,,,,,,84.3,,,,,,,,,,,,8
DampHeat,AZO,0,sa18947,Yes,,,,,,88.9,,,,,,,,,,,,8
DampHeat,AZO,336,sa18947,Yes,4.94,93.49,-1.05,3,1.3,,39.5,44.5,9.1,35.4,12.105,12.245,11.724,11.983,12.273,12.345,11.951,8
DampHeat,AZO,336,sa18947,Yes,,,,,,,37.8,44.5,9.1,35.4,,,,,,,,
DampHeat,AZO,336,sa18947,Yes,,,,,,,34,44.5,9.1,35.4,,,,,,,,
DampHeat,AZO,336,sa18947,Yes,,,,,,,44.2,44.5,9.1,35.4,,,,,,,,
DampHeat,AZO,336,sa18947,Yes,,,,,,,36.6,44.5,9.1,35.4,,,,,,,,
DampHeat,FTO,0,sa18948,Yes,,,,,,78.9,,,,,,,,,,,,5
DampHeat,FTO,0,sa18948,Yes,,,,,,57.2,,,,,,,,,,,,5
DampHeat,FTO,0,sa18948,Yes,,,,,,43.5,,,,,,,,,,,,5
DampHeat,FTO,0,sa18948,Yes,,,,,,67.5,,,,,,,,,,,,5
DampHeat,FTO,0,sa18948,Yes,,,,,,61.2,,,,,,,,,,,,5
DampHeat,FTO,168,sa18948,Yes,3.21,92.37,-0.27,1.75,14.1,19,,71.1,31,40.2,7.682,7.564,7.541,7.541,7.686,7.682,7.655,5
DampHeat,FTO,168,sa18948,Yes,,,,,,44.2,,71.1,31,40.2,,,,,,,,
DampHeat,FTO,168,sa18948,Yes,,,,,,38.5,,71.1,31,40.2,,,,,,,,
DampHeat,FTO,168,sa18948,Yes,,,,,,17.9,,71.1,31,40.2,,,,,,,,
DampHeat,FTO,168,sa18948,Yes,,,,,,38.7,,71.1,31,40.2,,,,,,,,
DampHeat,FTO,0,sa18949,Yes,,,,,,64.3,,,,,,,,,,,,6
DampHeat,FTO,0,sa18949,Yes,,,,,,59.9,,,,,,,,,,,,6
DampHeat,FTO,0,sa18949,Yes,,,,,,68.7,,,,,,,,,,,,6
DampHeat,FTO,168,sa18949,Yes,3.52,92.17,-0.26,1.91,13,,18.8,71.1,31,40.2,7.632,7.555,7.541,7.564,7.677,7.6,7.609,6
DampHeat,FTO,168,sa18949,Yes,,,,,,,15.3,71.1,31,40.2,,,,,,,,
DampHeat,FTO,168,sa18949,Yes,,,,,,,18.3,71.1,31,40.2,,,,,,,,
DampHeat,FTO,168,sa18949,Yes,,,,,,,25.1,71.1,31,40.2,,,,,,,,
DampHeat,FTO,168,sa18949,Yes,,,,,,,29.4,71.1,31,40.2,,,,,,,,
DampHeat,FTO,0,sa18950,Yes,,,,,,79.1,,,,,,,,,,,,7
DampHeat,FTO,0,sa18950,Yes,,,,,,86.6,,,,,,,,,,,,7
DampHeat,FTO,0,sa18950,Yes,,,,,,94.4,,,,,,,,,,,,7
DampHeat,FTO,0,sa18950,Yes,,,,,,89.2,,,,,,,,,,,,7
DampHeat,FTO,336,sa18950,Yes,3.47,92.2,-0.24,1.87,13.4,14.2,,78,36.6,41.4,7.718,7.655,7.645,7.668,7.781,7.727,7.736,7
DampHeat,FTO,336,sa18950,Yes,,,,,,10.4,,78,36.6,41.4,,,,,,,,
DampHeat,FTO,336,sa18950,Yes,,,,,,9.6,,78,36.6,41.4,,,,,,,,
DampHeat,FTO,336,sa18950,Yes,,,,,,6.9,,78,36.6,41.4,,,,,,,,
DampHeat,FTO,336,sa18950,Yes,,,,,,33.8,,78,36.6,41.4,,,,,,,,
DampHeat,FTO,0,sa18951,Yes,,,,,,114.9,,,,,,,,,,,,8
DampHeat,FTO,0,sa18951,Yes,,,,,,103.2,,,,,,,,,,,,8
DampHeat,FTO,0,sa18951,Yes,,,,,,86.1,,,,,,,,,,,,8
DampHeat,FTO,0,sa18951,Yes,,,,,,79.1,,,,,,,,,,,,8
DampHeat,FTO,0,sa18951,Yes,,,,,,102.9,,,,,,,,,,,,8
DampHeat,FTO,336,sa18951,Yes,3.4,92.25,-0.23,1.84,12.8,,15.2,78,36.6,41.4,7.75,7.677,7.668,7.659,7.759,7.732,7.732,8
DampHeat,FTO,336,sa18951,Yes,,,,,,,19.9,78,36.6,41.4,,,,,,,,
DampHeat,FTO,336,sa18951,Yes,,,,,,,10.3,78,36.6,41.4,,,,,,,,
DampHeat,FTO,336,sa18951,Yes,,,,,,,11.8,78,36.6,41.4,,,,,,,,
DampHeat,FTO,336,sa18951,Yes,,,,,,,25.1,78,36.6,41.4,,,,,,,,
HotQUV,ITO,0,sa18952,Yes,5.47,94.83,-0.13,2.93,0,78.5,,,,,,,,,,,,1
HotQUV,ITO,0,sa18952,Yes,,,,,,63.4,,,,,,,,,,,,1
HotQUV,ITO,0,sa18952,Yes,,,,,,66.2,,,,,,,,,,,,1
HotQUV,ITO,164.3,sa18952,Yes,5.36,94.88,-0.12,2.87,0.1,18.3,,71.8,39.6,32.2,71,50,48,50,56,51,51,1
HotQUV,ITO,164.3,sa18952,Yes,,,,,,19.3,,71.8,39.6,32.2,,,,,,,,
HotQUV,ITO,164.3,sa18952,Yes,,,,,,20.5,,71.8,39.6,32.2,,,,,,,,
HotQUV,ITO,164.3,sa18952,Yes,,,,,,20.6,,71.8,39.6,32.2,,,,,,,,
HotQUV,ITO,164.3,sa18952,Yes,,,,,,22.5,,71.8,39.6,32.2,,,,,,,,
HotQUV,ITO,0,sa18953,Yes,,,,,,77.5,,,,,,,,,,,,2
HotQUV,ITO,0,sa18953,Yes,,,,,,68.6,,,,,,,,,,,,2
HotQUV,ITO,0,sa18953,Yes,,,,,,75.1,,,,,,,,,,,,2
HotQUV,ITO,164.3,sa18953,Yes,5.31,94.88,-0.13,2.85,0.1,,43,71.8,39.6,32.2,64,50,48,50,63,51,51,2
HotQUV,ITO,164.3,sa18953,Yes,,,,,,,43.1,71.8,39.6,32.2,,,,,,,,
HotQUV,ITO,164.3,sa18953,Yes,,,,,,,42.9,71.8,39.6,32.2,,,,,,,,
HotQUV,ITO,164.3,sa18953,Yes,,,,,,,43.2,71.8,39.6,32.2,,,,,,,,
HotQUV,ITO,164.3,sa18953,Yes,,,,,,,43.4,71.8,39.6,32.2,,,,,,,,
HotQUV,ITO,0,sa18954,Yes,,,,,,86.3,,,,,,,,,,,,3
HotQUV,ITO,0,sa18954,Yes,,,,,,74.5,,,,,,,,,,,,3
HotQUV,ITO,0,sa18954,Yes,,,,,,81.7,,,,,,,,,,,,3
HotQUV,ITO,334.1,sa18954,Yes,5.21,94.89,-0.13,2.8,0.2,29.9,,66,33.8,32.3,59,50,48,50,62,50,51,3
HotQUV,ITO,334.1,sa18954,Yes,,,,,,36.1,,66,33.8,32.3,,,,,,,,
HotQUV,ITO,334.1,sa18954,Yes,,,,,,38.9,,66,33.8,32.3,,,,,,,,
HotQUV,ITO,334.1,sa18954,Yes,,,,,,31.6,,66,33.8,32.3,,,,,,,,
HotQUV,ITO,334.1,sa18954,Yes,,,,,,31.7,,66,33.8,32.3,,,,,,,,
HotQUV,ITO,0,sa18955,Yes,,,,,,74.7,,,,,,,,,,,,4
HotQUV,ITO,0,sa18955,Yes,,,,,,74.3,,,,,,,,,,,,4
HotQUV,ITO,0,sa18955,Yes,,,,,,68.8,,,,,,,,,,,,4
HotQUV,ITO,334.1,sa18955,Yes,5.47,94.84,-0.12,2.93,0.1,,43.2,66,33.8,32.3,59,50,48,50,64,50,52,4
HotQUV,ITO,334.1,sa18955,Yes,,,,,,,43.2,66,33.8,32.3,,,,,,,,
HotQUV,ITO,334.1,sa18955,Yes,,,,,,,42.6,66,33.8,32.3,,,,,,,,
HotQUV,ITO,334.1,sa18955,Yes,,,,,,,43.8,66,33.8,32.3,,,,,,,,
HotQUV,ITO,334.1,sa18955,Yes,,,,,,,43.3,66,33.8,32.3,,,,,,,,
HotQUV,AZO,0,sa18956,Yes,5.16,93.57,-1.34,3.24,0.1,75,,,,,,,,,,,,1
HotQUV,AZO,0,sa18956,Yes,,,,,,71.1,,,,,,,,,,,,1
HotQUV,AZO,0,sa18956,Yes,,,,,,73,,,,,,,,,,,,1
HotQUV,AZO,164.3,sa18956,Yes,5.13,93.64,-1.38,3.23,0.5,9.2,,77.6,39.9,37.8,9.34,9.096,9.123,9.15,9.309,9.227,9.34,1
HotQUV,AZO,164.3,sa18956,Yes,,,,,,9.6,,77.6,39.9,37.8,,,,,,,,
HotQUV,AZO,164.3,sa18956,Yes,,,,,,7.1,,77.6,39.9,37.8,,,,,,,,
HotQUV,AZO,164.3,sa18956,Yes,,,,,,8.4,,77.6,39.9,37.8,,,,,,,,
HotQUV,AZO,164.3,sa18956,Yes,,,,,,8.7,,77.6,39.9,37.8,,,,,,,,
HotQUV,AZO,0,sa18957,Yes,,,,,,75.9,,,,,,,,,,,,2
HotQUV,AZO,0,sa18957,Yes,,,,,,69.9,,,,,,,,,,,,2
HotQUV,AZO,0,sa18957,Yes,,,,,,67.3,,,,,,,,,,,,2
HotQUV,AZO,164.3,sa18957,Yes,5.14,93.55,-1.36,3.23,0.6,,30.6,77.6,39.9,37.8,9.322,9.232,9.227,9.291,9.476,9.386,9.313,2
HotQUV,AZO,164.3,sa18957,Yes,,,,,,,60.3,77.6,39.9,37.8,,,,,,,,
HotQUV,AZO,164.3,sa18957,Yes,,,,,,,24.3,77.6,39.9,37.8,,,,,,,,
HotQUV,AZO,164.3,sa18957,Yes,,,,,,,28.6,77.6,39.9,37.8,,,,,,,,
HotQUV,AZO,164.3,sa18957,Yes,,,,,,,30,77.6,39.9,37.8,,,,,,,,
HotQUV,AZO,0,sa18958,Yes,,,,,,81.3,,,,,,,,,,,,3
HotQUV,AZO,0,sa18958,Yes,,,,,,81.9,,,,,,,,,,,,3
HotQUV,AZO,0,sa18958,Yes,,,,,,88.8,,,,,,,,,,,,3
HotQUV,AZO,334.1,sa18958,Yes,5.04,93.64,-1.47,3.22,0.6,11.4,,76.5,39.8,36.7,9.336,9.227,9.241,9.282,9.449,9.417,9.458,3
HotQUV,AZO,334.1,sa18958,Yes,,,,,,14,,76.5,39.8,36.7,,,,,,,,
HotQUV,AZO,334.1,sa18958,Yes,,,,,,9.4,,76.5,39.8,36.7,,,,,,,,
HotQUV,AZO,334.1,sa18958,Yes,,,,,,10.3,,76.5,39.8,36.7,,,,,,,,
HotQUV,AZO,334.1,sa18958,Yes,,,,,,12.3,,76.5,39.8,36.7,,,,,,,,
HotQUV,AZO,0,sa18959,Yes,,,,,,83.1,,,,,,,,,,,,4
HotQUV,AZO,0,sa18959,Yes,,,,,,82.3,,,,,,,,,,,,4
HotQUV,AZO,0,sa18959,Yes,,,,,,84.6,,,,,,,,,,,,4
HotQUV,AZO,334.1,sa18959,Yes,5.14,93.57,-1.37,3.23,0.6,,30.2,76.5,39.8,36.7,9.263,9.155,9.096,9.087,9.309,9.291,9.304,4
HotQUV,AZO,334.1,sa18959,Yes,,,,,,,31.5,76.5,39.8,36.7,,,,,,,,
HotQUV,AZO,334.1,sa18959,Yes,,,,,,,33.4,76.5,39.8,36.7,,,,,,,,
HotQUV,AZO,334.1,sa18959,Yes,,,,,,,33,76.5,39.8,36.7,,,,,,,,
HotQUV,AZO,334.1,sa18959,Yes,,,,,,,30.5,76.5,39.8,36.7,,,,,,,,
HotQUV,FTO,0,sa18960,Yes,4.24,92.04,-0.32,2.3,6.5,82.4,,,,,,,,,,,,1
HotQUV,FTO,0,sa18960,Yes,,,,,,81.7,,,,,,,,,,,,1
HotQUV,FTO,0,sa18960,Yes,,,,,,78.5,,,,,,,,,,,,1
HotQUV,FTO,164.3,sa18960,Yes,3.53,92.13,-0.24,1.9,13.1,4,,78.9,39.9,39,7.709,7.655,7.645,7.627,7.772,7.741,7.7,1
HotQUV,FTO,164.3,sa18960,Yes,,,,,,3.2,,78.9,39.9,39,,,,,,,,
HotQUV,FTO,164.3,sa18960,Yes,,,,,,3.5,,78.9,39.9,39,,,,,,,,
HotQUV,FTO,164.3,sa18960,Yes,,,,,,3.5,,78.9,39.9,39,,,,,,,,
HotQUV,FTO,164.3,sa18960,Yes,,,,,,3.5,,78.9,39.9,39,,,,,,,,
HotQUV,FTO,0,sa18961,Yes,,,,,,75.5,,,,,,,,,,,,2
HotQUV,FTO,0,sa18961,Yes,,,,,,62.2,,,,,,,,,,,,2
HotQUV,FTO,0,sa18961,Yes,,,,,,39.5,,,,,,,,,,,,2
HotQUV,FTO,0,sa18961,Yes,,,,,,64,,,,,,,,,,,,2
HotQUV,FTO,0,sa18961,Yes,,,,,,60.2,,,,,,,,,,,,2
HotQUV,FTO,164.3,sa18961,Yes,3.64,92.07,-0.25,1.96,12.8,,17.2,78.9,39.9,39,7.596,7.541,7.546,7.573,7.713,7.609,7.668,2
HotQUV,FTO,164.3,sa18961,Yes,,,,,,,19,78.9,39.9,39,,,,,,,,
HotQUV,FTO,164.3,sa18961,Yes,,,,,,,29.6,78.9,39.9,39,,,,,,,,
HotQUV,FTO,164.3,sa18961,Yes,,,,,,,27.9,78.9,39.9,39,,,,,,,,
HotQUV,FTO,164.3,sa18961,Yes,,,,,,,30.4,78.9,39.9,39,,,,,,,,
HotQUV,FTO,0,sa18962,Yes,,,,,,95.7,,,,,,,,,,,,3
HotQUV,FTO,0,sa18962,Yes,,,,,,89.2,,,,,,,,,,,,3
HotQUV,FTO,0,sa18962,Yes,,,,,,96.3,,,,,,,,,,,,3
HotQUV,FTO,0,sa18962,Yes,,,,,,98.7,,,,,,,,,,,,3
HotQUV,FTO,0,sa18962,Yes,,,,,,92.3,,,,,,,,,,,,3
HotQUV,FTO,334.1,sa18962,Yes,3.54,92.15,-0.21,1.9,13.1,10,,75.9,40.5,35.5,7.695,7.65,7.609,7.664,7.809,7.763,7.677,3
HotQUV,FTO,334.1,sa18962,Yes,,,,,,13.7,,75.9,40.5,35.5,,,,,,,,
HotQUV,FTO,334.1,sa18962,Yes,,,,,,11.1,,75.9,40.5,35.5,,,,,,,,
HotQUV,FTO,334.1,sa18962,Yes,,,,,,10.1,,75.9,40.5,35.5,,,,,,,,
HotQUV,FTO,334.1,sa18962,Yes,,,,,,9.7,,75.9,40.5,35.5,,,,,,,,
HotQUV,FTO,0,sa18963,Yes,,,,,,73.6,,,,,,,,,,,,4
HotQUV,FTO,0,sa18963,Yes,,,,,,59,,,,,,,,,,,,4
HotQUV,FTO,0,sa18963,Yes,,,,,,59,,,,,,,,,,,,4
HotQUV,FTO,0,sa18963,Yes,,,,,,78.6,,,,,,,,,,,,4
HotQUV,FTO,0,sa18963,Yes,,,,,,64.3,,,,,,,,,,,,4
HotQUV,FTO,334.1,sa18963,Yes,3.56,92.12,-0.22,1.91,12.9,,42.4,75.9,40.5,35.5,7.682,7.645,7.609,7.645,7.781,7.741,7.695,4
HotQUV,FTO,334.1,sa18963,Yes,,,,,,,32.4,75.9,40.5,35.5,,,,,,,,
HotQUV,FTO,334.1,sa18963,Yes,,,,,,,33.6,75.9,40.5,35.5,,,,,,,,
HotQUV,FTO,334.1,sa18963,Yes,,,,,,,33.3,75.9,40.5,35.5,,,,,,,,
HotQUV,FTO,334.1,sa18963,Yes,,,,,,,33.7,75.9,40.5,35.5,,,,,,,,
